sentence,label,prediction
83 other accounts of robin origin state that the name comes from the american robin bird not from robin hood frank miller all star batman and robin being notable exception,1,1
he has been critically acclaimed over the last 50 years,0,0
please help improve it by removing promotional content and inappropriate external links and by adding encyclopedic content written from neutral point of view,0,0
the family had great influence in politics and church many members were active in the catholic party,1,1
in 1955 1957 he edited prose section in po prostu polish socio political magazine published in 1947 57 but he was not good publicist,1,1
when using remote access scheduling provider users usually have refined control over how communication takes place with the web server,1,1
herting has toured as motivational speaker where she talks about the power of visual leadership and creativity in various academic and corporate settings,1,1
outside of sweden considered the swedish response to the pandemic to be strikingly different to that of other countries,0,0
admission to the university is restricted and competitive,1,1
the match is estimated to have been watched by 400 million viewers becoming the third most watched game in cricketing history,0,0
as he did not have talent for languages he found it difficult to adjust to the reality of life abroad,1,1
an english editions later followed the world atlas 2nd ed 1967,0,0
over the years sherman saw dazzling array of visitors usually drawn there to transact business or attend ceremonies at fort leavenworth,1,1
the school has excellent infrastructure in terms of classrooms laboratories library playgrounds sports and recreation,1,1
an attractive stone church with parish house was built at the outset and under fine clergy and lay leadership it quickly became independent,0,0
following the creation of his own design firm in new york city nicholls introduced an array of textile designs that have been widely recognised the company has over 200 registered designs and distribution to architects and designers internationally,0,0
in 2011 seminal paper on the topic came out written by hood and friend,1,1
due to such wide range of features the tone ranges from serious investigatory and at times somber to happy hopeful and humorous,1,1
this brought the clarity of the eden sound into the budget range of many weekend warriors and semi professionals,1,1
in addition the emergence of transgender individuals in the workplace has begun to disrupt the gender binary of male and female,0,0
the eccentric peyto was trapper and prospector,0,0
by creating hybrid gender identity the transgender community suggests notions of movement toward postgenderism,1,1
oscar has won innumerable victories that have made him build great sporting career with more than 29 years of victories becoming the foremost argentinean in his specialty and one of the best triathletes in latin america as well as in the world,1,1
during an abc tv news interview in 1984 he told janet davies that he wanted to be the next motown music empire,0,0
while the bbf has been in existence for some time new and vibrant executive was recently,1,1
erwin panofsky who had tremendous impact on the shape of art history in the us argued that historians should focus less on what is seen and more on what was thought,1,1
it rises on white hill and flows for approximately 23 miles to the river ribble of which it is the largest tributary,0,0
this is unique chinese system that ensures the joint leadership of the communist party and the state over the armed forces,1,1
david clark is former special adviser to the ex foreign secretary robin cook,1,1
among the great scholars who served the institution and won high credit and great reputation forfeit and for themselves by their single minded devotion to the pursuit of higher learning the name of the late r raja raja varma grammarian and poet deserves special mention,0,0
she was the vault gold medalist at the 1990 goodwill games and nearly swept the 1990 world sports fair in japan winning the all around and every event except the uneven bars,0,0
the remains of the locos drag box have been cut away for replacement and number of small parts from the loco are also being worked on,0,0
a typical implementation of remote access plugin or module is to incrementally back up files and databases from the web server to the client,1,1
recent uses have been the 2016 olympic games and the 2012 olympic games,0,0
many have succeeded others have worked hard and achieved the prestige of national positions in government offices while the majority has remained in the island province contented with the kind of life they had since birth,0,0
the newest facility at the cbrn school is the lieutenant joseph terry cbrn training facility,0,0
jazz aficionados in new orleans and elsewhere and the watzke family worldwide are commemorating the 100th anniversary of the death of king watzke the nearly forgotten jazz great of the early days of the genre in january 2019,1,1
it is generally regarded as one of their strongest efforts featuring powerful epic tracks such as song for dying she said and mocking bird one of their best known songs,1,1
in the south wing is the large central pillar lined concert hall friedrich von thiersch hall with parquet floor and balcony,0,0
this was ground breaking given calgary country music roots,1,1
initially russian cartography could not glory in original work the atlas marksa 1905 for example was merely translation of german neuer handatlas by debes,0,0
the club includes newly renovated 18 hole golf course state of the art fitness center and other facilities,0,0
suddenly the maya entered written history,1,1
after this campaign drinkers viewed finlandia as more prestigious reputable and better tasting brand than before,1,1
she has worked in another telugu movies named rathri kobbari matta,0,0
furthermore sentiment analysis on twitter has also been shown to capture the public mood behind human reproduction cycles on planetary scale as well as other problems of public health relevance such as adverse drug reactions,1,1
he led life of vagrant but he did not have to work while his publications provided him with steady income,0,0
the purpose of the federation is to assist and oversee the activities of local teams and organizations to ensure that the sport is conducted according to international basketball regulations and standards so that teams as well as individual players are able to effectively compete regionally and internationally elected,0,0
dspam is bayesian anti spam filter that learns really fast,1,1
rajinder has had distinguished twenty year career in science computers and communications,1,1
for example island air in hawaii calculated that the use of 50 seat regional jet would break even at 45 passenger seats compared to the q400 35 36 seats around 55 breakeven load factor,1,1
the club patrons are john kolc and ron hilditch both of whom have had distinguished rugby league careers playing first grade for parramatta eels and later representing nsw and australia,1,1
again they amazed the audience with their new title song arirang 아리랑 which had the classic instruments of korea playing as the background music,1,1
which prompted foray into the world of screen composition,0,0
kn academy was established by the khalil nanitalwala educational society as non profit organization dedicated to the cause of providing quality education,1,1
the golf course hosted the 2015 senior open golf tournament,1,1
in addition there are several restored homes that are excellent examples of outport architecture including the restored orange hall which was once meeting hall for the orange order,0,0
now known as the southern brotherhood militia sbm,0,0
up until the introduction of the nemesis line all the eden amps and cabinets were made in the united states,0,0
the aggressive approach of the bank and due to the unethical behaviour frauds and allegations of golden key credit card company which was subsidiary of ceylinco consolidated in early 2000s left the bank in financial crisis,0,1
the art collection of the duke of bedford is amongst the finest in private hands and encompasses wide range of western artwork,1,1
croatia austro hungarian monarchy the san francisco bay area is unusual for major metropolitan area in having ready access to rural and wilderness areas as well as major urban parks,0,1
retaining her original engines boilers and little changed accommodations she is one of the best preserved edwardian ocean steamships in the world and renowned example of canada earliest scientific prowess in the fields of hydrography and oceanography,1,1
as of 2014 neighborhood on the upswing many of the homes have been restored the larger ones converted into multi unit apartment houses the smaller ones home to growing artistic community,1,1
november 2016 this article contains wording that promotes the subject in subjective manner without imparting real information,0,0
game 5 was truly one of the greatest basketball games ever to be played,1,1
the downtubes are 30 by 40 mm 1 2 by 1 6 in,0,0
what is remarkable about the result is the exceptionally high number of students who do not speak english as their language of the home environment and the socio economic background of these homes,0,0
the original wood floor is covered with carpeting,0,0
kotlikoff has done pioneering work testing intergenerational altruism the proposition that current generations care about their descendants enough to ensure that government redistribution from their descendants to themselves will be offset by private redistribution back to the descendants either in the form of bequests or inter vivos gifts,1,1
following private launch to charles hendry then shadow energy secretary the publication was launched nationally at the royal institution,0,0
he is the only one of their ex owners of liquidated banks who proposed to cover the bank debts to the deposit guarantee fund and the nbu,1,1
at the front end of the south wing is the muschelsaal shell hall,0,0
serving at weekday mass with him was said one of the main architects they always rue that they are paid compensation which is much less than the market price,0,0
his adoptive grandfather an englishman called paterson saunders had taught him latin greek english french and italian,0,0
the long term goal for the frt is to restore the locomotives tender first and then when the tender is completed and funding has been raised restore wootton hall to her former glory,1,1
the unfortunate conflict to his true history has now been established from the original documents,0,0
the organization is highly conscious of the environmental impact 500 competitors over three days can make,0,0
in march 2010 the uk arm of the business ceased to trade when it lost its uk operating partner photo me international following the resignation of its ceo,0,0
urdu and english languages are also widely understood in hunza,1,1
robert bolger was the first president of the national association of chain drug stores and helped create the prestigious annual meeting called by most industry sources the best meeting of top to top minds in the industry,1,1
bandu samarasinghe and tennyson cooray are frequent co stars of ramanayake,0,0
in 2009 the age newspaper reported that lighthouse was the leading school in victoria for the proportion of student graduates who proceeded to tertiary education,0,0
the vfr750f was the first of the 750 class to have an aluminium twin spar frame weighing just 14 kg 31 lb and the nearest thing on the road to the vfr the gsx also had an aluminium frame but it was of conventional twin cradle design,1,1
many popular books on tablet weaving promoted the egyptian origin theory until in an appendix to his magisterial work on tablet weaving peter collingwood proved by structural analysis that the linen belt couldn have been woven on tablets,1,1
everything changed with the building of the canadian pacific railway and its arrival in banff in the late 1880s,0,0
in conclusion child support has evolved over time from serving families on welfare or children who had lost parents to war and abandonment to working through the complications of modern society where parents with children are divorced separated or who were never married,0,0
the popular sport of sareshkeh is football,0,0
he came to india in 1927 to join small sect the christa seva sangh of poona which hoped to indigenise christianity,0,0
the sentimental chord is the fourth korean studio album by sg wannabe,0,0
jody scheckter replacing the lotus bound argentinian in 1979 took the title supported by gilles villeneuve who dutifully followed the south african home at monza and won the last world drivers championship in ferrari until michael schumacher 21 years later,0,0
the welsh tries were great efforts especially dewi bebb who snatched chance from lineout three yards from the line and dived over before the opposition could lay finger on him,0,0
he served on committees concerned with alcoholism and drug use and wrote many papers expressing progressive ideas on prison reform libraries and juvenile delinquency,0,0
sikhs believe in ibaadat se shahadat from love to martyrdom,0,0
sina kolegaon kalyan sagar dam is located near the village of domgaom on the sina river seena river,0,0
yerevan computer research and development institute has extensive experience in the design development and implementation of large computerized systems software and hardware solutions for radio electronics industry specialized systems and customized software products,1,1
in an unprecedented move the core shareholders of the bank the financial holding group menatep of which khodorkovsky was principal decided to share their own money with the 15 000 bank menatep small depositors whose savings had been wiped out by the collapse,1,1
evans also is remembered for an endless variety of unforgettable and award winning radio commercials hawking weekly events at the tracks that he managed,1,1
welsh captain clive rowlands dictated the patterns of play and orchestrated many of the fine welsh moves,1,1
the nearby temple of kalyan swami one of the beloved followers of ramdas swami is now surrounded by water on three sides,0,0
users who set up premium accounts on third party webcron scheduling providers typically gain additional benefits such as sms and email notifications uptime reports and logging increased timeout limits schedules won expire being able to use http post method http cookie support or fewer restrictions on scheduling frequency,1,1
intrapsychic humanism is nonderivative depth psychology that provides unified and comprehensive theory of child development psychopathology and psychological treatment,0,0
the organisers actively promote independent ocean swims before during and after the race online and in emailed updates to competitors,0,0
the present extent of brazil coastline is almost exactly that defined by the treaty of madrid which was approved in 1750,0,0
in their decrees leo xiii and pius have recommended not alone st thomas but also scholasticism in general and this includes also the scotist school,0,0
in his book the new economics 1926 published in english in 1965 preobrazhensky tried to specify clearly what the law of value should be understood to mean for the purpose of economic policy,0,0
his success in dealing with manuscript that having been over written with other works of ephrem the syrian had been mostly illegible to earlier collators made him more well known and gained support for more extended critical expeditions,0,1
the holdings comprise some 250 paintings including works by rubens van dyck canaletto and velasquez,0,0
subsequently joffe books republished the hillary greene series under new titles which almost all contain the word murder,0,0
the uk municipal bonds agency provides councils with lower borrowing costs,1,1
founded in 1998 to promote independent video game developers and innovation in video game development igf wants to do for the independent game community the same benefit the sundance film festival has brought to the independent film community igf is owned by the cmp game group producers of the game developers conference game developer magazine and gamasutra com,1,1
a number of hypotheses have been proposed for the origin and spread of the language the most popular among linguists being the kurgan hypothesis which postulates an origin in the pontic caspian steppe of eastern europe,1,1
the hymie blog began in october 2009 and has posted nearly every day about interesting or unusual records local music reviews and local music events,1,1
it did not engage in strikes but spent much of its efforts in opposing hostile congressional legislation,0,0
the georgia chamber of commerce maintains an in house team of lobbyists,0,1
based on rumours that she was caught in an affair with thomas wharton 1st marquess of wharton well known ladies man before her marriage to charles and never told him she is said to have been possibly locked up in raynham hall before mock funeral took place,1,1
however the entering to the literary circle resulted in his alcoholism which was becoming more and more pronounced,0,0
wershefana tribal and mainly gaddafi loyalists armed groups from the area immediately south and west of tripoli have played big role in haftar forces west of libya on 5 august 2014 warshefana forces captured camp 27 training base west of tripoli,1,1
in 2010 the store relocated five blocks east to new location,0,0
since 1982 the carolyne barry workshops have been one of the most successful independent full training programs in hollywood,1,1
much of this increase in sales was due to local authorities insisting on wheelchair accessible cabs being used in their areas,0,0
the bankruptcy was finalized by february 2001,0,0
somewhat more accessible are the three volcanoes visible from petropavlovsk kamchatsky koryaksky avachinsky and kozelsky,0,0
sometimes both sources are credited as in len wein the untold legend of the batman,0,0
dr antonio limson φ53 eminent teacher researcher,1,1
her works are also collected by many others including former french prime minister jean francois girard entertainer elton john and the rockefeller foundation,1,1
loving and mills counties refused to license same sex couples into august claiming to have delayed implementation while they updated paperwork or software but they had started issuing by september 4,1,1
lines of wellington by valeria sarmiento was presented in competition at the 2012 venice film festival,0,0
smith has travelled from soldier via action hero to arrive in his current while it addresses number of discrete theoretical and empirical problems it has the common goal of creating general conceptual tools to comprehend the dynamics of everyday social interaction,0,0
a remote access capable webcron solution is typically bundled with pair of client and server components,1,1
after the event tatchell said the blasphemy law gives the christian religion privileged protection against criticism and dissent,0,0
contentious material about living persons that is unsourced or poorly sourced must be removed immediately especially if potentially libelous or harmful find sources chris lamb software developer news newspapers books scholar jstor august 2019 learn how and when to remove this template message this article may rely excessively on sources too closely associated with the subject potentially preventing the article from being verifiable and neutral,1,1
the group started its business with textiles and trading and later diversified into wire and cable manufacturing,0,0
the two forces collided the next day fighting short skirmish at sporting hill before the confederates withdrew,0,0
in addition to this john was pioneer in the automobile leasing business,1,1
famous according to whom,1,1
however he criticises the use that is made of it at present it encourages the development of fancy natural language interfaces instead of the investigation of deep cognitive faculties,1,0
on august 7 in just the fourth meeting of pitchers with the same last name since 2000 víctor zambrano of the new york mets outdueled carlos zambrano in front of an attendance of 40 321 fans at shea stadium pitching the new york mets to 6 1 win and sweep of the three game series,1,1
he is the mind behind premium tobacco product starbuzz that has transformed the tobacco industry,1,1
residues are separated and taken to the recycling plant,1,1
karen koren is one of the major supporters of australian comedy talent and has produced number of notable australian acts at the gilded balloon over the years including greg fleet and is particularly noted for being the springboard for the careers of tim minchin and drags aloud,1,1
apart from stalin the most influential theorist of the law of value in the 20th century was yevgeni preobrazhensky,1,1
the most noted of those was michael scot 1175 to 1235 who took the works of ibn rushd averroes and ibn sina avicenna to italy,0,0
technically gifted and in position where there are not many armenian players at his level malakyan is set to be one of armenia near future biggest talents,0,0
he co wrote with justice mary ellen turpel lafond the 1993 book in the rapids navigating the future of first nations,0,0
he was adored by audiences in large parts of south central southeast asia the former soviet union bloc china the middle east and africa his movies were global commercial successes,0,0
he finished the 2006 season with 16 7 record 210 strikeouts 3 41 era and an mlb leading 115 walks,0,0
also in 1799 gauss provided the first generally accepted proof of the fundamental theorem of algebra showing that every polynomial over the complex numbers has full set of solutions in that realm,0,0
a successful bollywood film dhan dhana dhan goal makes use of the name southall fc for fictional club integral to the storyline although the club referred to in the movie has no connection at all to the actual southall fc,1,1
together with torstein parelius the lyric writer from their ep reclaim the new line up spent 2 years preparing to record their next album entitled armada,0,0
bones bones takes many of the best miniatures from the dark heaven legends and chronoscope lines and casts them in plastic along with many new designs including some too large to produce in metal,1,1
later he published four monographic albums called grandi della canzone napoletana dedicated to neapolitan poets salvatore di giacomo ernesto murolo libero bovio and a mario,0,0
http southhavencentrallofts com,1,1
the songs he sings are representing the value of equality justice and environmental harmony,0,0
remote access usually offers capabilities that are impossible with other scheduling providers,1,1
kimo armitage is poet best selling children book author playwright and videographer is from hale iwa ahu where his maternal grandparents raised him,0,1
today psychology still plays an important role in art discourse though mainly in the field of art appreciation,0,0
awe has devoted an impressive amount of time and energy to his excavations at cahal pech and his writings have largely focused on the maya cities of west central belize during the formative preclassic and classic periods,1,1
in most cases his lips had been sealed to any but official work,1,1
even from the beginning of 19th century keyi began to play dominant role in all fields and produced leading figures in every walk of life,1,1
despite the cubs finishing with the worst record in the national league 2006 was transformative year for zambrano as he thrived under the pressure of assuming the number one role in the cubs rotation as the former aces apparent mark prior and kerry wood were incapacitated for the vast majority of the season,1,1
the traditional rivalry between both sides set the stage for high voltage clash,1,1
particularly in spring these offer rich range of wild flowers,1,1
golden peacock awards,1,1
their outlaw career would prove to have been short and ultimately non productive,1,1
afterwards he stopped recording but continued to give concerts,0,0
popularly known as ladies day or just oaks day but in recent times also colloquially called blokes day kennedy oaks day has been an extraordinary phenomenon of racing,1,1
this article is an orphan as no other articles link to it,0,0
it is at this time that bosher interest in technologies of representation became obvious,0,0
although he is very conservative morrow has calm folksy manner that has made him popular with both republican and democratic legislators,1,1
the game was very close but with 3 1 seconds remaining in the game ogwumike hit the game winning shot grabbing an offensive rebound and scoring to put her team ahead 77 76,0,0
division of the business archives of australia from 1961 1969,0,0
unsourced material may be challenged and removed find sources subharti college of physiotherapy news newspapers books scholar jstor december 2012 learn how and when to remove this template message this article contains content that is written like an advertisement,1,1
his training in both disciplines has helped him express age old spiritual teachings in clear logical language,0,0
please help improve this article by adding citations to reliable sources,0,0
this was the last battle in which the corps participated and on july 27 1865 the ix corps was officially disbanded,0,0
after initially being generic classical music festival the vale of glamorgan festival re defined its artistic vision in 1992 to become festival of living composers,0,0
saunders would end up back in chicago and originate the musical phenomenon known as house music in 1984,1,1
the us army cbrn school is the lead for all dod cbrn response training,0,0
the movie dialogues need special mention as they have been written quite cleverly with lot of fun and good emotions during the climax,1,1
when launched the studio xps 13 was widely acclaimed as the ultimate notebook offering an irresistible combination of technology cutting edge design performance and luxury style in the increasingly popular market for lighter notebooks,0,0
the primary charm of otuzco lies in the traditional lifestyles and customs of the people people are dressed in their colorful traditional clothing selling their wares in the streets and markets coaxing their donkeys along the roads and trails in town where the majority of the buildings are still built the way they have been for centuries,1,1
among these best books was adieu aesthetics beautiful pages adieu æsthetica mooie pagina published in 1995 as the catalogue for the exhibition the aesthetic world of jan van krimpen book designer and typographer in the museum of the book museum meermanno westreenianum in the hague and in the american institute of graphic arts aiga in new york 1995,1,1
shikhar dhawan of india received the golden bat award for scoring 338 runs in the tournament while hasan ali of pakistan received the golden ball award for taking 13 wickets he was also adjudged the man of the series for his contribution towards pakistan first icc tournament title since 2009,1,1
he won bfja awards for best lyricist in 1975 and was nominated for filmfare award for best lyricist in 1975 for the kishore kumar superhit song mera jeevan kora kagaz from the movie kora kagaz 1974,1,1
according to bombardier marketing the aircraft breaks even with about third of its seats filled or quarter with more closely spaced seats making it particularly attractive on routes with varying passenger numbers where many seats would be empty on some flights,0,0
the college is one of the only education providers in lincolnshire to provide full range of progression opportunities including level btec nvq hnds and fdas,1,1
he soon began hosting noel s chocolate thursdays nightclub in calgary,0,0
traces of habitation have been found and dated to 6000 bc,0,0
after nearly 3 years he made it to the band and came in contact with satyricon drummer frost,0,0
dr manuel macapinlac φ50 eminent teacher and researcher in biochemistry and nutrition,1,1
he also remained the president of oxford inter collegiate christian union oiccu in 1925,0,0
he co authored with uiuc cs professor jean ponce 2002 computer vision modern approach one of the leading publications addressing the topic,0,0
they subsequently released the jam session as their first album this is live,0,0
the area has become famous for its painted ladies victorian homes repainted in pastel colors,0,0
since then he has hosted over 150 tours to destinations far and wide together with growing band of tour leaders and hosts,0,0
he is an assistant professor at kamakakuokalani center for hawaiian studies at the university of hawaii at manoa,0,0
this resulted in an unprecedented increase of international news coverage on sweden,1,1
tweets political sentiment demonstrates close correspondence to parties and politicians political positions indicating that the content of twitter messages plausibly reflects the offline political landscape,0,0
but as production car camshaft must ideally last for the life of the vehicle there must remain some doubt until really long term testing is carried out,0,0
ira rowe was the judicial giant of caribbean jurisprudence in the last three decades of the twentieth century,1,1
during the third reich the comedy was marginalized and not performed goebbels called it eine revue die uns heute zum hals heraushängt the kind of entertainment we find boring and superfluous today whereas people in the 1950s keen on harmony and shallow pleasures eagerly greeted revivals of the show,1,1
hand coloring was often used in early trick and fantasy films from europe especially those by georges méliès,0,0
through this topic he explored his other interests of the close connection between life and art accessibility of art and the related breakdown between high and low art,1,1
both series have sold extensively in markets around the world and have had enormously successful video and dvd releases,1,1
a new bank menatep saint petersburg was created barry trained thousands of professional actors,0,0
he has subjected various forms of heroic behaviour to incredible scrutiny,1,1
at the photo shoot the girls worked with renowned photographer tony drayton and were shot in pairs in high fashion outfits in front of an urban graffiti setting,1,1
he is also uhro ambassador and is dedicated to helping those in need and those who have lost their homes due to war,0,0
the ministry of law abbreviation minlaw malay kementerian undang undang chinese 律政部 tamil சட ட அம ச ச is ministry of the government of singapore responsible for ensuring that singapore legal infrastructure is clear efficacious and transparent,1,1
the highest volcano is klyuchevskaya sopka 4 750 or 15 584 ft the largest active volcano in the northern hemisphere while the most striking is kronotsky volcanologists robert and barbara decker regard its perfect cone as prime candidate for the world most beautiful volcano,1,1
wrestling and table football are the other sports in sareshkeh,0,0
the film released on 30 december 2016,0,0
noel s chocolate thursdays soon became the number 1 b hip hop showcase in western canada,0,0
it also the story of my sister who been waiting for her husband who left five years ago and my niece who has never seen her father,0,0
the community is somewhat of tourist attraction because it is one of the smallest and oldest communities in newfoundland and because of few small beaches perfect for collecting sea shells,1,1
in 2002 osborne teamed up well known health club executive tony capato and tanya gomez south beach realtor and businesswoman to form oeg entertainment group,1,1
massline entered joint venture with legendary hip hop label rawkus records in 2007 for the june 12 2007 release of their new album bayani the name derives its meaning from two different languages,1,1
if the authorities are not prepared to enforce the law they should abolish it,0,0
the client runs on separate computer such as the user personal computer,0,0
recently he has taken more control over his commercial film roles working as director and screenwriter on the popular parliament jokes one shot and leader breaking box office records with these films and becoming one of the most successful leading actors and directors of sinhala cinema,1,1
aishwarya has given one of her finest performances and one of the best in cinema,1,1
of particular note is the growing use of lca for iso type iii labels called environmental product declarations defined as quantified environmental data for product with pre set categories of parameters based on the iso 14040 series of standards but not excluding additional environmental information,0,0
in koodiyattam the only surviving ancient sanskrit theatre tradition prominent in the state of kerala on india performances of kālidāsa plays are rare,1,1
please help by adding reliable sources,0,0
kimo apprentices with esteemed poet and novelist albert wendt,1,1
besides his tackling and marking defensive iq he makes the difference mostly because of his passing and dribbling more often than not making contact with the ball in the deep midfield to either pass or dribble past defenders and give shape to the offense first few touches,0,0
dr alendry caviles φ49 leading hematologist and immunologist dr jose rizal memorial awardee,1,1
given those benefits and the many more that lie in store this new program of human space exploration beyond low earth orbit is vital link to the future of the united states and the world,0,1
many of the ground breaking ideas developed at sia were incorporated in control data later systems,1,1
the spartans baseball program is one of the tops in texas placing numerous players into top college programs and 13 into the professional level with 3 mlb players in history dean crow chris james and chance sanford,1,1
these years have been major success for the faroe islands under 21 team especially 2009 2010 when the team finished the qualification with an historical 11 points which is the most points any faroese national team has ever gotten during qualification stages,1,1
the band formed in 1998 after an impromptu jam session they had at the toronto venue the comfort zone,0,0
the treaty of tordesillas was arguably the most decisive event in all brazilian history since it determined that part of south america would be settled by portugal instead of spain,1,1
roe did useful work as educational adviser to the government and as vice chancellor in the difficult early days of the university but his greatest influence was as the head of great school,1,1
according to bloor research rapidminer provides 99 of an advanced analytical solution through template based frameworks that speed delivery and reduce errors by nearly eliminating the need to write code,1,1
poverty has become an occasion for sensitivity among the people of god in the local church of marinduque,0,0
currently liteos are introduce to the consumer market with the huawei watch gt series and their sub brand honor magic watch series,0,0
according to rossiyskaya gazeta two documents had been forged regarding yanukovych robbery in association with rape and assault and battery,0,0
his fascination of all things trains and the fascination of how rail has impacted our current world essentially sparked the success of scott mcgregor railway adventures,0,0
of modern anesthesiology in the country luis mabilangan φ47 an institution in the field of philippine pediatrics,1,1
nfpoc grew from 16 000 members in 1922 36 000 in 1932 and nearly 50 000 by 1940,1,1
his folk tunes are directly empowering people and making them feel the rhythm of nature,1,1
the paris based group médecins sans frontières reported that hekmatyar guerrillas hijacked 96 horse caravan bringing aid into northern afghanistan in 1987 stealing year supply of medicine and cash that was to be distributed to villagers,0,0
dukes or duchesses were to rule large territories within the kingdom,0,0
he livens up many broadcasts with few hawaiian and japanese phrases spoken with impeccable pronunciation and has been known to announce half inning totally in spanish,1,1
rochester midland is recognized as the leaders in green housekeeping technology co recipients of the white house closing the circle awards and manufacturers of the first green seal certified janitorial cleaning product line in the world,0,0
in the kauaeranga valley impressive volcanic plugs remain as does lava lake that now forms the top of table mountain,1,1
the industries under this conglomerate include light engineering electrical cable textile real estate etc,0,0
liverpool manager kenny dalglish paid tribute to aquilani on his departure stating that the only reason for the loan was an inability to fit the player into the team preferred formation,0,0
dr george viterbo φ50 model community doctor,1,1
maccormick influenced the field of criminology with his ideas practices and suggested improvements,1,1
martyrdom called shahadat in punjabi is fundamental concept in sikhism and represents an important institution of the faith,0,0
the most interesting monuments are the north part of pakistan has many old fortresses ancient architecture and the hunza chitral valley home to small kalash people community and fairy meadows diamer district of gilgit baltistan,0,0
melvin died in 1993 passing the leadership role down to his two grandsons,0,0
one can pray here with so peaceful that the bala gopla will be flourishing his grace to his each and every devotee,0,0
orchard hills has predominately rural character with undulating hills and scenic vistas,0,0
opened in november 2007 the 1lt joseph terry chemical biological radiological nuclear cbrn responder training facility occupies approximately 22 5 acres 91 000 m2 and provides state of the art cbrn responder training campus for inter service and other agencies as requested,1,1
under the rule of the country first king croatia became one of the most powerful kingdoms in the balkans,1,0
some prints of the popular edison film the great train robbery 1903 had selected hand colored scenes,0,0
the hillary greene books were fairly successful when they were first released,0,0
land acquisition laws in india are under intense criticism by the beleaguered farmers whose lands are acquired for the urbanisation or industrialisation,1,1
being the first important hymn writer of the german reformed church neander wrote his creations mostly at düsseldorf,0,0
with the release of their 4th album and their title song they went as the 1 in the bugs chart as well as the korea monthly chart,0,0
the archipelago is attractive to tourists who are interested in diving or snorkeling,0,0
if http is used the url is sent in the clear over the wire but the data in the request is typically encrypted,0,0
while electrode applications for manipulating neutrally controlled body processes have recently attracted much attention the nervous system is just the tip of the iceberg when it comes to the opportunities for controlling somatic processes as most cell types are electrically active and respond to ionic signals from themselves and their neighbors figure 6,1,1
according to whom there is also an anglican church and small wharf which was used for commercial fishing until the cod fishery moratorium in 1992,0,0
dr luis mabilangan φ47 an institution in the field of philippine pediatrics,1,1
the competition was sponsored by channel 4 from 1993 until 2004 with five and the paramount comedy channel taking over in 2005,0,0
are sweeping views of landscapes altered by industry mine tailings quarries scrap piles,0,0
the college continues to rake in marvellous accolades such as outstanding naplan marks across the board and with year 8 student receiving the highest score in victoria for the australian mathematics competition,1,1
mondotrack superior design has led to many world competitions to use the type of track,1,1
it had full wheelchair accessibility in line with new law that came into force in january 1989,0,0
the label mission statement includes the goal of using hip hop as means of grassroots community organizing and youth outreach,0,0
the lab focused on innovation in digital technology and human machine interaction,0,0
as was the case with their other early albums it was recorded with full orchestra,0,0
birds include indian peacock great indian hornbill painted stork greater and lesser flamingo and eurasian spoonbill,0,1
as an educationist he was combination of learning and sound common sense interested in ideals and all things intended for the improvement of mankind,0,0
in addition to serving as lawyer and politician mercredi is noted author,1,1
once again was the second album released by barclay james harvest in early 1971,0,0
during 2016 he collaborated with number of artists including gorgon city,0,0
cooke games were often innovative,1,1
little is known today about minya governorate compared to its great wealth of archaeological sites,1,1
samier dandan is prominent australian muslim who is currently the president of the lebanese muslim association,0,0
the first tune wonder recorded was the first garden where he used sampled bird chirp as the lead sound in the song,1,1
he was the son of maximilien antoine de baillet,0,0
for example tau ceti released 1985 featured form of solid 3d graphics but was also set on planet with day and night cycles with dynamically drawn shadows,0,0
his groundbreaking exhibition lives an exhibition of artists whose work is based on other people lives subsequently took place at the hayward gallery in 1979,0,0
this is useful when required functionality is only available via the web server,0,0
its history including ancient egyptian hellenistic roman and arab periods has not yet received the full attention of scholars,0,0
it is notable that miller generally pronounces foreign language names with the source language pronunciation in contrast with broadcasters who anglicize foreign named players,0,0
he had brilliant career at oxford where he took double first in english and in theology before being ordained priest in the church of england,1,1
in 1987 evans released be there cassette compilation of his greatest hits along with other memorable drag racing radio commercials,0,0
the total annihilation of government forces heavily supported by the british army sent signal to the emperor that the tigrayans weren only brave fighters but also astute strategists said hailemariam when he gave an interview to wegahta magazine,1,1
dr ramon abarquez jr φ48 eminent cardiologist and developer of the dynamic exercise ecg test dr jose rizal memorial awardee jose rizal,1,1
idbi federal life insurance co ltd is three way joint venture of idbi bank an indian development and commercial bank federal bank one of india leading private sector banks and ageas multinational insurance giant based out of europe,1,1
when generic drugs flooded the marketplace after the expiration of patents for drugs discovered in the 1950s and 1960s lilly diversified into other areas most notably agricultural chemicals animal health products cosmetics and medical instruments,0,0
joubert cordier works are collected by the georges pompidou museum in paris which houses the largest collection of modern art in europe,0,0
that race first official running was in 1967 and in 1968 larry berquist and gary griffen won the second official baja 1000 race on cl350 to give the model off road credibility,0,0
by 2004 mle was in full swing and in the lab short lifespan the researchers produced 21 refereed journal articles 59 refereed full papers for conferences and 62 refereed shorter papers for conferences for total of 142 refereed works,0,0
german language films based on the musical comedy were made in 1935 1952 and 1960,0,0
to meet nascar homologation rules and also to bring petty engineering back to chrysler it was decided that plymouth would get its own version of dodge winged wonder for the 1970 nascar season,1,1
the georgia chamber routinely supports good legislation and opposes bad legislation that most small and large business owners would consider threat to their business success,1,1
however legendary kutiyattam artist and natyashastra scholar nātyāchārya vidūshakaratnam padma shri guru māni mādhava chākyār has choreographed koodiyattam production of the recognition of sakuntala,0,0
this rigorous program now coeducational has thrived under succession of gifted leaders including notable anglican musicians john bertalot and tom whittemore,1,1
rapidminer provides data mining and machine learning procedures including data loading and transformation etl data preprocessing and visualization predictive analytics and statistical modeling evaluation and deployment,0,1
xu joined the chinese national team in november 2007 and her first major tournament was the olympic games which were given greater eminence due to their being held in beijing,1,1
the fairway was the best version of the fx4 ever built and enabled lti to sell to overseas markets as well as move into provincial uk markets they had not been able to tackle,1,1
the monsoon months of june july august and september see heavy rainfall,0,0
this suburb epitomises the city of penrith vision of region with harmony of urban and rural qualities,0,0
the application of evidence based research and consultation has led to museums courts cultural centres keeping houses prisons schools and range of other institutional and residential buildings being designed to meet the varying and differing needs and aspirations of indigenous users,1,1
the wait wasn long,0,0
after successful spring training stammen made the nationals 2012 opening day roster serving as long reliever,1,1
the best known brand is gore tex while one study shows that event newer material has the best breathability although it has less wind resistance,0,0
notwithstanding the definition range of projects have been designed for by or with indigenous users,0,0
established in 2006 alfama films production extends paulo branco commitment for independent cinema with directors he been supporting for long time but also with emerging talents always taking on new challenges like cronenberg cosmopolis,0,0
its first ever series was good morning mickey which ran from 1983 to 1992,0,0
post boxing bates began successful career as full time insurance sales professional,1,1
please help by adding reliable sources,0,0
nobles possessed unprecedented power over the governed and were one of the first members of royalty to advocate for monarchical absolutism,0,0
riggs is best known for his work with stevie wonder michael jackson and madonna,0,0
he could not live without poland but at the same time he could not return to his homeland,0,0
the ulster scottish population in ireland was quite possibly preserved from complete annihilation during the subsequent irish confederate wars when scottish covenanter army was landed in the province to protect the ulster scottish settlers from native irish landowners,1,1
the decorated stiff leather purse of the chuckmuck with its attached curved striker make it design classic among flint and steel kits,1,1
countless british officers were killed including col pluck who was killed by woyane rebel,0,0
in 2001 eden introduced its nemesis series of amplifiers cabinets and combos at significantly lower pricing lower power and lower power handling than the world tour amps and series cabinets,0,0
between 2008 and 2010 ejogo grew the business nationally and internationally with significant growth in france germany the netherlands the republic of ireland and the us,1,1
the defensive capabilities of baux have always made it an attractive location for human habitation,1,1
in 2004 he followed up with the series down the line with scott mcgregor covering railway journeys in australia new zealand and vietnam,0,0
the justice party and the kerala muslim majlis had its origin in thalassery,0,0
unlike the examples of piano concertos set by many of prokofiev romantic forebears the orchestra rises above subsidiary accompaniment to play very active part in this work,0,0
immediately afterwards it became success around the world with long runs in cities like london paris vienna munich and new york,0,0
the building disposition provides the artistic team with creative and innovative backdrop to aid in the creation of world class productions,1,1
julio deutsch croatian julije dajč born in 1859 died in 1922 was well known croatian architect known for his architectural art nouveau style,1,1
for their unique tuned colour palette,1,1
street combines abstraction impressionism and realism into his works on canvas,0,0
please introduce links to this page from related articles try the find link tool for suggestions,1,1
their essential element is thin porous membrane that blocks liquid water but lets through water vapor evaporated sweat,0,0
bates retired with record of 21 wins 13 losses and 1 draw with 18 wins by knockout,0,0
more affordable sample based synthesizers available for the masses with the introduction of the ensoniq mirage 1984 roland 50 1987 and the korg m1 1988 which surfaced in the late eighties,0,0
the macbook pro is prime example of techno globalism from consumer standpoint in the countries where it is sold,0,0
some incremental backup implementations may even offer basic host based intrusion detection system functionality,0,0
courtenay michaela and lara received praise while eva and lauren struggle,0,0
rendell played just one game with the lions in 1988 the rest of the year spent in the reserves which rendell put down to misunderstanding with coach david parkin,1,1
this is the reason why if competitor is seen disposing of garbage somewhere that isn marked for garbage disposal he or she will be disqualified,1,1
various species of caprines including bhutan and mishmi takin himalayan and red goral himalayan serow red serow himalayan tahr and nilgiri tahr as well as the kiang and indian wild ass can be found,0,0
this project is the first of its kind in the middle east that allows the community to access police services through kiosks in line with the future visions of uae leaders to transform dubai into the smartest city in the world and by 2021 to have artificial intelligence play crucial role in reducing crime and promoting safer environment,1,1
produced by paul butler bird and the band went for rudy van gelder jazz room sound where the instruments bleed into all the mics in just the right way,1,1
snow research constitutes one of the most original and groundbreaking bodies of work in the discipline,1,1
the data between the client and server components is typically encrypted even across http,0,0
in 1962 dave ekins and bill robertson jr rode two cl72 scramblers the entire length of mexico baja peninsula in pr effort for honda the feat would also effectively serve as pioneering run for the baja 1000 off road race,1,1
from 2000 to 2007 federman was senior dean for alumni relations and clinical teaching at hms mentoring medical education developments through innovative initiatives,1,1
today elsewhere in the region catholics are typically minority and of mainly irish german and french or modern hispanic ancestry,0,0
as space activity becomes increasingly integrated into every aspect of life here on earth the sea intends to show how this new focus on exploration will provide myriad advances in science and technology untold economic opportunity and serve as an inspiration to our nation youth,1,1
the increasingly aspirational culture of the school appears to challenge the contumacious adherence to egalitarianism that promotes mediocrity in the government school system while simultaneously embracing brand of boys education which values diverse forms of achievement in both traditional and vocational learning,0,0
analysis of statistical data suggests the recent success of the school is largely due to the innovative energetic and collaborative pedagogical philosophy of the teaching staff and executive,1,1
prior work relied extensively on current applied directly by electrodes reinvigorated by significant recent advances in materials science and extracellular current measurements facilitated by sophisticated self referencing electrode systems,0,0
the confluence of the rivers is an impressive sight particularly when both are in spate,1,1
on 25 august 2011 aquilani joined milan on loan for the 2011 12 season with milan having an option to make the move permanent at the end of the season despite pulling string of impressive performances during the pre season tour in asia and subsequently becoming favourite of the fans and the owners,1,1
the band satyricon was in the need of guitarist and obsidian participated in the auditions and played the ass off some other 30 guitarists who also had applied for the job,1,1
the economy remained dominated by small scale production low labor productivity material and technological shortfalls and insufficient food and consumer goods,0,0
piano plays strong role on these songs and most of the melodies are tinged with gospel jazz 60s soul feel while the lyrics are direct and risk taking cutting to the quick of what happening in our world,0,1
it was ranked in list of top 200 best small companies in america in 2009 by forbes the market capitalization of company is 240,0,0
he describes ideology as rather like teaching philosophy via the socratic method though without extending the vocabulary beyond what the general reader already possessed and without the examples from observation that practical science would require,0,0
however the legend of the gang and the notoriety they received due to the coffeyville shootout made them famous,0,0
with manufacturing sites in north america and strategically positioned distribution centers the range of the rmc product portfolio provides superior cleaning and maintenance solutions to broad customer base sold in over 70 countries including education healthcare manufacturers food processors and preparers municipalities government organizations and building services contractors,1,1
cepheid had developed unique improvements on lawrence livermore national laboratory fast cycling technique for preparing dna samples,0,0
street also employs heavy layering in many of his abstract paintings,0,0
the common language of hunza is burushaski while wakhi and shina languages are spoken in upper hunza and lower hunza respectively,0,0
the gun battle ended the dalton gang,0,0
soon after he started writing and recording few of his songs for his new album my heart her world,0,0
his films reflected the era in which they were made,0,0
scholars argued spiritedly about the production method of the belt for decades,0,0
in 1972 washington was inducted into alabama women hall of fame for her compassion intelligence and independence of judgement which led her to be among the greatest women and african american leaders of her century,1,1
the first recording using sampling synthesizer was stevie wonder journey through the secret life of plants 1979 which used the computer music melodian to create complex melodies and rhythms from sampled sounds from nature,0,0
he also remixed tracks by number of well known artists such as clean bandit,1,1
the more expensive materials are typically more breathable,1,1
every school offers limited number of places for each program and admissions are regulated by an entrance examination delivered by the university admissions committee,0,0
he sings alap nomtom and dhrupad compositions in all the four banis namely gaurhar dagur nauhar and khandar,0,0
listed on the unesco list of world heritage sites since 1997 toruń has many monuments of architecture dating back to the middle ages,0,0
this article contains wording that promotes the subject in subjective manner without imparting real information,0,0
he would send out locals to search for great finds of chincoteague history,0,0
his style was always to be generous to the despisers of the faith illuminating his defences with glimpses into his own spiritual life,0,0
in tagalog it literally means heroes of the people and in persian bayan means the word,0,0
major corporations all over the world are either undertaking lca in house or commissioning studies while governments support the development of national databases to support lca,1,1
these types of stations are developed by smart and interactive user centered technologies that are integrated as part of new projects and areas,0,0
this is considered by many to be the northernmost battle of the civil war,1,1
mle was quite successful and managed to recreate the creative play research atmosphere of the mit media lab,1,1
working with various public and private partners ocse and their state affiliates collect billions of dollars in needed support for dependent children across the country,1,1
to as the mother of russian cities or cradle of the rus civilisation owing to the once powerful kievan rus state predecessor of both russian and ukrainian nations,0,1
he was professor of sanskrit and dravidian languages from 1910 to 1918 and acted as principal from 1915 to 1916,0,0
the reservoir is place of scenic beauty where migratory birds can also be found,1,1
his multimedia works notably evoke feelings of energy warmth sensuality power and beauty and revolve around mostly spiritual themes,1,1
there are significant roman catholic populations along the coast of the gulf of mexico especially the port cities of new orleans biloxi pensacola and mobile which preserve the continuing and broadly popularized catholic traditions of carnival at the beginning of lent in mardi gras parades and related customs,1,1
in 1956 he finally got his own flat in warsaw,0,0
she is also famous for lobbying kharkiv region interests in the united states and china,1,1
many of its predictions have come to pass,1,1
the grand awe inspiring beauty of his images is often in tension with the compromised environments they depict,1,1
these exchanges are sometimes called marketplaces or intermediaries and work directly with insurance carriers effectively acting as extensions of the carrier,0,0
there is remarkable atmosphere of sensitivity cooperation and responsibility towards one neighbors and to the church programs and activities,1,1
the venetian seamen went on to fight with greater zeal than any of the other combatants at the decisive battle of lepanto where an ottoman fleet was crushed by the combined force of much of southern europe,1,1
my finest work yet was recorded live to tape at barefoot studios in los angeles ca,0,0
narangoda was talented high qualified veteran in the banking industry who was also instrumental in seylan bank resilient performance after the bank saw almost collapse that would have affected and ended the growth of the bank,1,1
the war itself part of the wars of the three kingdoms ended in the 1650s with the cromwellian conquest of ireland,0,0
a great triumph of these laborious months was the decipherment of the palimpsest codex ephraemi syri rescriptus of which the new testament part was printed before he left paris and the old testament in 1845,1,1
wershefana armed groups have also been involved in long standing tribal conflict with the neighbouring zawia city since 2011,0,0
other notable works of chinnayasuri include neeti chandrika sootandhra vyaakaranamu andhra dhatumoola and neeti sangrahamu,0,0
panmure also has one of the finest clubhouses in scotland modelled spiritually on the royal calcutta golf club,1,1
november in 1974 klaksvík faroe islands is head coach along with heðin askham for the faroe islands national under 21 football team and was first appointed in 2007,0,0
centres of production are the italian cities of stradella and castelfidardo with many small and medium size manufacturers especially at the latter,0,1
no marriage applications have yet been made by same sex couples in irion county,0,0
he has left deep impression on the language and the culture of the land,1,1
although the diocese is materially poor giving and sharing have great place in the minds hearts and practices of the people,0,0
the films sees some of the greatest martial arts action performed in scene featuring richard norton cynthia rothrock and very youthful andy lau,1,1
upon listening to recording of the show they were transfixed by how much it sounded like dj mix,1,1
it has even been asserted that it was merely tolerated by the catholic church but this statement is priori improbable in regard to school of which not single proposition has been censured and to which so many highly venerated men bishops cardinals popes and saints have belonged and it is still less probable in view of the approval of the various general statutes repeated so often down to the present day in which scotism is at least recommended,1,1
oscar is the creator and founder of og design sports brand of high performance and style to be using in races and training in addition to his brilliant career as triathlete is the principal researcher and field test pilot where with his extremely demanding perfectionist and approves every new product that will launch the brand,1,1
elhalwani moved to the united states when he was 16 years old to pursue what he calls his dream the american dream,0,0
national bird indian peacock,1,1
portions of san pablo avenue particularly in berkeley albany and el cerrito are slowly transforming with mix of trendy shops restaurants and condominium developments,1,1
he excelled in sports at nalanda being fine cricketer representing first xi during 1965 to 1967,0,0
perhaps the most accessible source for the near original meaning of ideology is hippolyte taine work on the ancien régime origins of contemporary france,1,1
holguín later became great orator debater and writer,1,1
he recovered so well in 1989 though that he was again among the club most valuable players in drive to the finals that was deflated by an injury to top forward richard osborne,0,0
the titles were won in consecutive years 2013 2014 and 2015,0,0
the coal in india is cheaper as compared with indonesia but indonesian coal is used since the indian coal contains more sulfur,0,0
it will be equipped with the latest interactive avionics,1,1
a trial would have involved all those who read and published the poem including several of britain leading writers academics and mps,1,1
morrow was one of two republicans to head policy committee veteran affairs in the democratic controlled state senate,0,0
a masterpiece of cartography this soviet atlas was published in moscow in 1967 by the chief directorate of geodesy and cartography under the council of ministers of the ussr gugk russian главное управление геодезии и картографии гугк при совете министров ссср,1,1
in 1999 the artist created many enigmatic and enthralling artworks which continuously depict the urban environment,1,1
in addition to his work through bvar and wbrcp he has directed excavations at the maya archaeological sites of altun ha caracol lamanai lubaantun and nim li punit,0,0
since then it has gained reputation as one of the most adventurous and unique in great britain,1,1
the romance of the historic khyber pakhtunkhwa province is timeless and legendary punjab province has the historic city lahore pakistan cultural capital with many examples of mughal architecture such as badshahi masjid shalimar gardens tomb of jahangir and the lahore fort,1,1
please help improve it by replacing them with more appropriate citations to reliable independent third party sources,0,0
norton also shows off his great skill in using weapons much to the annoyance of both rothrock and lau,0,0
this proposition dates to david ricardo who raised it as theoretical but empirically irrelevant proposition,0,0
both zambranos entered with 42 career wins the second time in major league history that opposing starters with the same last name came in with matching victory totals according to the elias sports bureau,0,0
in 2003 the company put temporary hold on some healthcare development to work with defense contractor northrop grumman on us federal government contract to install anthrax detection systems at us post office sites nationwide,0,0
the concerto radiates crisp vitality that testifies to prokofiev inventive prowess in punctuating lyrical passages with witty dissonances while maintaining balanced partnership between the soloist and orchestra,1,1
the music video if you despite having different special effects it has good content and sound first by using magic box loving feelings mixed with drum sets and sound echoes,1,1
bates is currently employed at the united states enrichment corporation,0,0
contentious material about living persons that is unsourced or poorly sourced must be removed immediately especially if potentially libelous or harmful find sources spice diana news newspapers books scholar jstor january 2018 learn how and when to remove this template message the topic of this article may not meet wikipedia general notability guideline,1,1
murolo became virtually cultural ambassador from naples to the world and it was because of his recordings and performances that neapolitan song was spread across five other continents,1,1
paravastu chinnayasuri telugu పరవస త చ న నయ స ర 1807 1861 wrote baala vyaakaranamu in new style after doing extensive research on andhra grammar which is his greatest gift to telugu people,1,1
the car was compromise ground effect design due to the configuration of the ferrari wide angle flat 12 which was overtaken in due course by the extremely successful williams fw07 but not before racking up the necessary points to take both titles that year,1,1
they mostly produced foreign designs under licence but the astra sesefsky named after its designer was wholly romanian aircraft apart from its engine,0,0
the brand has strong corporate culture of listening and receiving feedback especially from the consumer perspective,0,0
with its beautiful shoreline on the northumberland strait this beach ranks number one when it comes to warmth and overall has great reviews on many vacation sites in nova scotia,0,0
the list includes florentino herrera φ37 first chancellor of up manila and founder of the up school of health sciences quintin gomez φ40 father ramon abarquez jr φ48 cardiologist and developer of the dynamic exercise ecg test guillermo damian φ48 father andante allegrotema con variazioni in minor allegro ma non troppoof the five piano concertos written by prokofiev the third piano concerto has garnered the greatest popularity and critical acclaim,0,0
coal is used as the fuel to produce steam that will then be used to rotate the turbine at speed of 3000 rpm,0,0
she educates audiences about the role pictures play in communicating complex strategy persuading others to collaborate and documenting success,0,0
with this force the ix corps entered upon the final campaign taking prominent part in the storming of petersburg april 2 1865 which resulted in the evacuation of richmond and the downfall of the confederacy,0,0
in october 2007 he secured significant equity investment from burlington investment partners to relaunch the business,0,0
he became world renowned interpreter of the mélodie and the lied touring extensively for nearly forty years,0,0
they host several endemic terrestrial gastropods and lizards as well as important aggregations of palaearctic migrant water birds,1,1
these advantages lead the vsmp architecture to considerably benefit over other architectures using asynchronous clocking technologies,1,1
all of its attributes and its wide success made it all the more astonishing if not suspicious when dell abruptly discontinued the studio xps 13 model less than year after its launch leaving many would be owners holding their credit cards and many current owners on guard watching their prized possessions,1,1
he has made several excursions to china to photograph that country industrial emergence and construction of one of the world largest engineering projects the three gorges dam,0,0
ballenger was member of the flint board of education for six years and made generous bequests to flint junior college later renamed mott community college,1,1
when the two sons took over they changed the name of the southern brotherhood to southern brotherhood militia because of problems with copycats using the good well established name of the southern brotherhood,1,1
he has published over 100 papers on computer vision computer graphics and machine learning,1,1
while spectacular on the track consumer response was lukewarm leading few dealers to remove the wing and nose making them appear more like normal road runners,0,0
finlandia also succeeded in created more positive image for their brand,0,0
active geothermal systems similar to those that now exist near rotorua were present around 6 ma and produced the gold and silver deposits that were later mined in the coromandel gold rush,0,0
this is to ensure business issues that matter the most to georgia chamber members are being watched good legislation is being passed and bills considered detrimental to georgia business are blocked,1,1
the initial activity was andesitic but later became rhyolytic 12 ma,0,0
the main athletic facility on the campus the william ballenger field house was named in his honor,0,0
thereby accelerating the realization of the interconnection of all things,1,1
huawei liteos will make intelligent hardware development easier,0,0
please help improve this article by adding citations to reliable sources,0,0
raj kapoor had the knack of getting the best out of any one since he had mastered all departments of film making and even marketing them,1,1
this elevated the band to higher place in the elite black metal scene of norway and the band finally had line up which could last and made the band even more promising than before,1,1
melmerby beach provincial park contains lifeguard service toilets in the public facilities boat launching salt rinse showers and abundant parking which make this beach the most ideal destination,1,1
the chemistry could not be denied rector soon took osborne under his wing,0,0
for buyers looking for more distinctive car decreasing number had custom coachwork available from the dwindling number of uk coachbuilders,0,0
diamonds in the rough nationwide search for outstanding community rural doctors was launched in 2008 to recognize young doctors serving depressed and underserved communities in the country and highlight their selfless efforts to help these areas,1,1
apple has become the epitome of cult branding,1,1
along with many founding drugstore chain executives he helped to build the architecture of nacds and the entire drugstore chain industry,0,0
the islands have lush tropical climate and include huge dunes forest and savannah inland lakes and wetlands,0,0
the city is famous for having preserved almost intact its medieval spatial layout and many gothic buildings all built from brick including monumental churches the town hall and many burgher houses,1,1
the various prototypes have never shown any wear or ultimate strength breakage problems in the many hours of testing some at very high rpm they have undergone,1,1
osborne was introduced to legendary record promoter fred rector best known for breaking such acts as the jackson 5 michael jackson madonna and kc and the sunshine band,0,0
his sociological view of the proceedings inherited from piero calamandrei the shared experience of the civil law and the common law made him privileged observer of the great conflicts of value of the 20th century and most of all an insuperable reformer in the studies of procedural law,1,1
stogran grew up in northern quebec with great love of the outdoors and extreme over the top competition,1,1
for years the youth baseball and softball league was the gold standard in the catoctin area,1,1
in the lead up to the 2011 nsw state election samier dandan famously threw his weight behind the liberal party in south western sydney traditional labor stronghold,1,1
growing up he was very talented soccer player and this resulted in him earning scholarship,1,1
the goal of the uk mba is to lower costs for council taxpayers and provide value for money for councils via the public bonds market,0,0
the general acceptance of the theory of complex numbers is due to the labors of augustin louis cauchy and niels henrik abel and especially the latter who was the first to boldly use complex numbers with success that is well known,1,1
he worked mostly in bollywood movies as songwriter,0,0
05 million with an enterprise value as of february 2014 of 278 93 million,0,0
the same year the college developed sixth form academy for level study,0,0
in recognition of this position the vale of glamorgan festival received the prudential award in 1994,0,0
while in hollywood osborne studied under acclaimed vocal instructor seth riggs and associates,1,1
dr romeo espiritu φ49 leader in ophthalmology,1,1
it was too conservative for the afl which in 1906 sponsored the national federation of post office clerks nfpoc which soon surpassed the unapoc,0,0
by 1990 chusovitina was vital member of the soviet team and was sent to compete in various international meets,1,1
perhaps the most unusual aspect of the interior is the altar painting crucifixion by sarah kirkeberg raugland which is attached to the rear wall of the chancel,1,1
the temple stands right in front of chirakkal pond which is having water area of 5 acres,0,0
nag provide numerical services in the areas of mathematical optimisation and algorithmic differentiation and are global specialists in high performance computing consulting and services,1,1
due to the wild success of the macbook pro around the globe the unibody case design and the aesthetics of the macbook pro is highly valued,1,1
ready to paint right out of the package they are priced significantly less than more traditional metal miniatures,0,0
the tordesillas meridian divided south america into two parts leaving large chunk of land to be exploited by the spaniards,0,0
zambrano had an excellent year hitting with 300 batting average and one home run,1,1
for this book majoor was the first to use the digital version of jan van krimpen typeface romanée originally cut in 1928 for the joh,0,0
a marvelous lyric baritone panzéra beautiful warm and expressive instrument was perfectly at home in the subtle world of the art song,1,1
kyiv the modern capital of ukraine is often referred,1,0
he is well known advocate of the australian muslim community,1,1
bill peyto may have been the first person to bring real tourists through the sunshine area,1,1
with its high ceilings rustic wooded floors classical charm and character the building sets perfect tone for the west australian ballet,0,0
one will feel the divine energy the moment you step to this divine land,1,1
jay jungle is fun filled engaging rumble through stylised jungle where questions are asked and ideas explored through music story and playful characters that captivate and inspire young minds,1,1
joseph h weiler in his seminal work the dual character of supranationalism states that there are two main facets to european supranationalism although these seem to be true of many supranational systems,1,1
ishika most famous hit was hrudaya kaleyam which went on to gross huge blockbuster collections,1,1
in just few years it has built an impressive film catalogue welcomed in the most important festivals,1,1
organisers have responded positively and affirmatively to negative reports from the website ocean swims com au regarding the lack of promotion of the races that they receive commission from,1,1
authorities can vary by more than millennium,0,0
he began to utilize the uncertainty innate in the urban configuration from 2000,0,0
this transmission of ideas remains one of the greatest in history significantly affecting the formation of the european renaissance,1,1
interestingly chambers was practicing archivist as evidenced by his roles as secretary and committee member of the s,1,1
the sikh gurus and the sikhs that followed them are some of the greatest examples of martyrs who fought against mughal tyranny and oppression upholding the fundamentals of sikhism where their lives were taken during non violent protesting or in battles,1,1
a webcron solution can be used on hosts that already have cron available,1,1
sareshkeh football team is one of the most powerful teams in gilan,1,1
october and november and february and march have pleasant climate,1,1
marinduquenos are peace loving simple religious and hardworking,1,1
the theory is based on groundbreaking discoveries about the centrality of the caregiving relationship in both child development and psychological treatment,1,1
sarker has been popular for his oratory,0,0
please help to improve this article by introducing more precise citations,0,0
he started what would later become rollins truck leasing,0,0
the largest and most successful private health care exchange is californiachoice established by the word brown general agency in 1996,1,1
elhalwani experience in the tobacco business extends beyond decade,0,0
another possible instance of hekmatyar treachery toward his rivals occurred in 1987,1,1
miller delivery is notable for his easygoing sometimes humorous manner and measured use of hyperbole particularly in banter with his partner sportscasters,0,0
in the subsequent election results the labor party suffered 27 negative swing from the 2007 nsw state election in the seat of lakemba representing the largest single swing in the entire state,0,0
méliès experimented with color in his film biography of joan of arc 1900 leading to more spectacular use of color in his 1903 trip to the moon made available to modern viewers only after the 2012 release of restoration of the film by lobster films,1,0
therefore the armed forces are under the absolute leadership of the communist party and are also the armed forces of the state,0,0
thus began its choir program long one of the finest in the nation,0,0
the large atlas mira 1st russian edition 1954 with some 200 000 names meant very special achievement,1,1
he was also renowned journalist and professor of literature and history,0,1
bio degradable detergents and oils are used in the bicycle wash and mechanic tents,0,0
although authorities have been unable to pin point the master minds behind the incidents a anti cyber terrorism vows to stay tunes to its community members and hopes one day to put stop to these elite members of its hacking community they will be paying close attention to its site owner evilwez,1,1
his several accolades bestowed titles and honors reflect his work as vocalist where he brings to the fore the work with an exemplary sense of proportion and unique sense of innovation,1,1
disney channel has had many popular shows throughout its history,1,1
shortly afterwards he moved to a to study music and music business at the musicians institute in hollywood,0,0
these are during her years as deputy head svitlychna oversaw international relations namely increasing the region fame and attracting investment,0,0
she is alleged to be the identity of the brown lady of raynham hall and supposedly haunts houghton hall and sandringham house as well,0,1
the war is spread to alaje in raya wukro in kilte awlalo and tembien where by the rebels mostly peasants beat the huge government forces equipped with tanks and modern weapons led by ras abebe aregai general abebe damtew and aided by british col pluck,0,0
this proved to be true of many maya inscriptions and revealed the maya epigraphic record to be one relating actual histories of ruling individuals dynastic histories similar in nature to those recorded in other human cultures throughout the world,0,1
its landscape is mainly overlaid with orchards and grapevines with some housing development in recent years,1,1
he was the author of many significant decisions including the queen oliver whylie which codified the law of identification in the caribbean and belize alliance vs the department of the environment and belize electric company ltd the most significant environmental decision in the commonwealth caribbean,0,0
astra romania was the most important aircraft builder in romania from 1920 to 1927,1,1
the second oldest of four brothers his father was mining executive who eventually moved the family to british columbia stogran thought regular snowball fights were boring so he organized games of skins versus shirts,0,0
after receiving his education from nalanda college colombo he entered university of ceylon peradeniya graduating with special ba degree in economics specializing in banking currency,1,1
the corps was not only among the foremost in this brilliant assault but its flags were the first to wave over the public buildings of petersburg,1,1
and if you look at it it wyeth costume from my memory because didn have the book to look at,0,0
as for art and architectural historians they critiqued psychology for being anti contextual and culturally naive,0,0
such resources could be for instance spotted easily in armenia epic 3 2 win over montenegro for the 2018 fifa world cup qualifiers imposing his touch and go passing on his teammates,1,1
during the 1970s and 1980s eli lilly and company saw flurry of drug production an antibiotic keflex in 1971 heart drug dobutrex in 1977 ceclor which would become the world top selling oral antibiotic in 1979 leukemia drug eldisine an antiarthritic oraflex and an analgesic darvon,1,1
in february 2014 the company joined affiliated distributors ad dynamic community of independent distributors and manufacturers of construction and industrial products,1,1
its main corporate units are paradise cable limited pcl sbs cables ltd and paradise spinning mills ltd paradise cables is the leading manufacturer of all types of wires cables and conductors in bangladesh,1,1
coal is imported from indonesia since it is cheap and good quality,1,1
rector found what he was looking for in young up and coming artist and visionary osborne,1,1
the georgia chamber of commerce is statewide membership organization centered on mission of pro business advocacy and headquartered in atlanta georgia united states,0,0
his camera technique captures the inner beauty and strength of the characters,1,1
chosen topics are typically selected from current events cultural happenings and out of the ordinary business ventures,0,0
please help to establish notability by citing reliable secondary sources that are independent of the topic and provide significant coverage of it beyond mere trivial mention,0,0
features of the culture of the speakers of pie known as proto indo europeans have also been reconstructed based on the shared vocabulary of the early attested indo european languages,0,1
fakhar zaman of pakistan received the man of the match award for scoring sublime 114,0,0
she also participated for the 19 team and helped them reach the final of 2004 fifa 19 women world championship,0,0
despite home court advantage in game 4 the lynx responded to devastating loss with narrow win 85 79 forcing decisive game 5 back in minnesota,0,0
it was the lack of success experienced by the team on this tour that is credited with sparking the welsh rugby union into action appointing their first national coach and reaping the rewards with their fabled teams of the 1970s,1,1
these ranged from the grand flowing lines of freestone and webb conservative almost prewar shapes to the practical conversions of harold radford which including clamshell style tailgate and folding rear seats,1,1
russia and ukraine share much of their history,0,0
cigar daisey was one of the local chincoteaguers that would help mackey find all the best decoys that made his collection world famous,1,1
winifred annie valentine 1886 1968 was notable new zealand teacher and educationalist,1,1
the concert and event hall has 1 350 seats and measures 40 18 17 it has excellent acoustics,1,1
in november 2019 bakhmatyuk was put on the national wanted list on suspicions of embezzling nearly 50 million before vab bank license was revoked in 2015,0,0
pde5 inhibitor drugs appear to work in men regardless of why they have erectile dysfunction including vascular disease nerve problems and even psychological causes,0,0
however he has published on topics related to the archaeology of belize in earlier and later periods as well,0,0
of second wave transpersonalism and his participatory approach to spirituality religious pluralism and integral education is widely discussed in academic journals and conferences,1,1
unsourced material may be challenged and removed find sources juan manuel de la rosa news newspapers books scholar jstor january 2018 learn how and when to remove this template message this article includes list of references related reading or external links but its sources remain unclear because it lacks inline citations,1,1
since 2009 hymie has had shop dog boston terrier named irene who has become an icon for the store,0,1
there she scored the first goal for the team in the opening match which saw china post 2 1 win over sweden,0,0
he served as program co chair for ieee computer vision and pattern recognition in 2000 general co chair for ieee cvpr 2006 program co chair for eccv 2008 program co chair for ieee cvpr 2011 general co chair for ieee cvpr 2015 and is regular member of the program committee of all major international conferences on computer vision,0,0
the government second five year plan 1976 1981 aimed for extraordinarily high annual growth rates in industrial and agricultural sectors and national income and sought to integrate the north and the south but the goals were not attained,1,1
the 1960s witnessed devastating fire 1963 and reconstruction in the church proper as well as the beginning of two enduring outreach efforts trinity counseling service and all saints church which was created in 1960 as neighborhood church to serve the fast growing eastern end of princeton township with its own vicar,1,1
with extensive experience of writing and advising on policy options press briefing and speechwriting at the highest levels in government he has unique understanding of the workings of the foreign office,0,0
reptiles like king cobra indian cobra indian python reticulated python and gecko are common,1,1
the people of mymensingh love him for his speech in clear and clarion voice,1,1
then in 2008 blackstar crime republished narrow escape which was very successful and was followed by on the straight and narrow,1,1
us federal agencies used cepheid machines to detect the spreading anthrax contamination and identify its possible sources,1,1
both of these dark and atmospheric albums caught the attention of film directors and editors,1,1
pde5 inhibiting drugs are very effective,1,1
in 2006 criminal charge was made for the falsification of documents regarding the retraction of yanukovych prior conviction,1,1
among them were in 1944 gen h arnold commanding general of the army air forces in 1945 lt gen lewis brereton commanding general of third air force and in 1946 the chief of staff of the united states army general of the army dwight eisenhower and the deputy commander of the aaf when news of bragadin death reached venice he was regarded as martyr and his story galvanized venetian soldiers in the fleet of the holy league,0,1
mcgregor has turned his love and hobby of trains into successful career,1,1
she was born in hawksbury otago new zealand in 1886,0,0
he had the gift of marrying considerable scholarship with profound spirituality,1,1
it provides an approach to psychotherapy called inner humanism which helps individuals with emotional pain achieve unconflicted pleasurable inner well being,0,0
