sentence,label,prediction
this made the union the formal successor institution of the community,0,0
the people of mymensingh love him for his speech in clear and clarion voice,1,1
for example ordinary differential equations appear in celestial mechanics predicting the motions of planets stars and galaxies numerical linear algebra is important for data analysis citecitecite stochastic differential equations and markov chains are essential in simulating living cells for medicine and biology,0,0
cite 83 other accounts of robin origin state that the name comes from the american robin bird not from robin hood cite frank miller all star batman and robin being notable exception,1,1
he was awarded the silver star for his gallantry during the attack,0,0
it has more than 1 300 stores operating under the name shoppers drug mart in nine provinces and two territories and as pharmaprix in quebec,0,0
méliès experimented with color in his film biography of joan of arc 1900 leading to more spectacular use of color in his 1903 trip to the moon made available to modern viewers only after the 2012 release of restoration of the film by lobster films,1,1
visitors primarily come from eastern europe but also from western europe as well as turkey and israel cite,0,0
a trial would have involved all those who read and published the poem including several of britain leading writers academics and mps,1,1
edward henry rennie 19 august 1852 8 january 1927 was an australian scientist and president of the royal society of south australia,0,0
he has worked with kathryn bigelowcite and robert rodriguez cite,0,0
after lobbying from newspapers and pressure groups this method of identifying such material was discontinued,0,1
bones bones takes many of the best miniatures from the dark heaven legends and chronoscope lines and casts them in plastic along with many new designs including some too large to produce in metal,1,1
reptiles like king cobra indian cobra indian python reticulated python and gecko are common,1,1
in addition to this john was pioneer in the automobile leasing business,1,1
white horse bluff is subaqueous volcanocite in wells gray provincial park east central british columbia canada,0,0
the soviet army occupied the factory just as the hs 132 v1 was nearing flight testing the v2 and v3 being 80 and 75 completed,0,0
such resources could be for instance spotted easily in armenia epic 3 2 win over montenegro for the 2018 fifa world cup qualifiers imposing his touch and go passing on his teammates,1,1
rajinder has had distinguished twenty year career in science computers and communications,1,1
in his career rincón posted 208 baa against left handed hitters and 248 baa against right handed hitters,0,0
in 1996 guatemala formally recognized 21 mayan languages by name cite and mexico recognizes eight within its territory,0,0
the collett school is 4 16 mixed community special school in hemel hempstead hertfordshire england that was established in 1964,0,0
roe did useful work as educational adviser to the government and as vice chancellor in the difficult early days of the university but his greatest influence was as the head of great school,1,1
the application of evidence based research and consultation has led to museums courts cultural centres keeping houses prisons schools and range of other institutional and residential buildings being designed to meet the varying and differing needs and aspirations of indigenous users,1,1
it will be equipped with the latest interactive avionics,1,1
biodefense is frequently discussed in the context of biowar or bioterrorism and is generally considered military or emergency response term,0,0
john hunyadi the count of temes and captain general of hungary who had fought many battles against the turks in the previous two decades prepared the defenses of the fortress,0,0
kotlikoff has done pioneering work testing intergenerational altruism the proposition that current generations care about their descendants enough to ensure that government redistribution from their descendants to themselves will be offset by private redistribution back to the descendants either in the form of bequests or inter vivos gifts,1,1
her works are also collected by many others including former french prime minister jean francois girard entertainer elton john and the rockefeller foundation,1,1
the kenneth warren institute is not for profit organization based in durham north carolina that as of 2017 appears to be defunct,0,0
the term coaxial refers to the inner conductor and the outer shield sharing geometric axis,0,0
in most cases his lips had been sealed to any but official work,1,1
while in hollywood osborne studied under acclaimed vocal instructor seth riggs and associates,1,1
almdudler german pronunciation about this soundlisten is the brand name of popular carbonated soft drink from austria,0,0
timothy bradstreet born february 16 1967 in cheverly maryland is an american artist and illustrator best known for his work on comic books book covers movie posters roleplaying games and trading cards,0,0
a prolific artist he produced oils watercolours and numerous pencil sketches,0,0
it is also the state tree of new jersey and the provincial tree of prince edward island,0,0
rothrock plays former cop who runs for sheriff after her father the previous sheriff is killed,0,0
he won bfja awards for best lyricist in 1975 cite and was nominated for filmfare award for best lyricist in 1975 for the kishore kumar superhit song mera jeevan kora kagaz from the movie kora kagaz 1974,1,0
the two houses meet in the palace of westminster in the city of westminster one of the inner boroughs of the capital city london,0,0
in january 2016 it was acquired by energetický průmyslový holding,0,0
it was his first performed orchestral work and in its third performance his first orchestral work performed to audience approval,0,0
in 2002 osborne teamed up well known health club executive tony capato and tanya gomez south beach realtor and businesswoman to form oeg entertainment group,1,1
he has published over 100 papers on computer vision computer graphics and machine learning,1,0
pde5 inhibiting drugs are very effective,1,1
in 2006 criminal charge was made for the falsification of documents regarding the retraction of yanukovych prior conviction,1,1
artists often appear in corpse paint and adopt pseudonyms,0,0
he is best known for the film night watch 2004 and its sequel day watch 2006 and the american films wanted 2008 and abraham lincoln vampire hunter 2012,0,0
upon listening to recording of the show they were transfixed by how much it sounded like dj mix,1,1
wershefana tribal and mainly gaddafi loyalists armed groups from the area immediately south and west of tripoli have played big role in haftar forces west of libya on 5 august 2014 warshefana forces captured camp 27 training base west of tripoli,1,1
the song danny boy uses the tune with set of lyrics written in the early 20th century,0,0
in 1962 dave ekins and bill robertson jr rode two cl72 scramblers the entire length of mexico baja peninsula in pr effort for honda the feat would also effectively serve as pioneering run for the baja 1000 off road race,1,1
the cook islands exclusive economic zone eez covers 1 960 027 square kilometres 756 771 sq mi of ocean cite,0,0
timothy timmy ryan 7 may 1909 28 january 1995 was an irish hurler who played as midfielder for the limerick senior team,0,0
this contrasts with external components such as main memory and o circuitry cite and specialized processors such as graphics processing units gpus,0,0
the concerto radiates crisp vitality that testifies to prokofiev inventive prowess in punctuating lyrical passages with witty dissonances while maintaining balanced partnership between the soloist and orchestra,1,1
it is historically significant as the holder of the world speed record for steam locomotives at 126 mph 203 km cite,0,0
the foundation of tribal region unity and equality provides for the best health care service access for all alaska native people,0,1
it could be used from any internet enabled device including laptops pocket pc cite smartphones ps3 cite xbox 360cite and wiicite video game consoles,0,0
he served as political commisar of partisan units in that region including the 4th croatian corps until the end of war,0,0
this is to ensure business issues that matter the most to georgia chamber members are being watched good legislation is being passed and bills considered detrimental to georgia business are blocked,1,1
the romance of the historic khyber pakhtunkhwa province is timeless and legendary punjab province has the historic city lahore pakistan cultural capital with many examples of mughal architecture such as badshahi masjid shalimar gardens tomb of jahangir and the lahore fort,1,1
it was known as oretum in ancient iberian times,0,0
according to the 2015 census it has population of 454 486 people,0,0
adult people have been killed and in at least two reported cases eaten by reticulated pythons,0,0
she was inducted into the alabama women hall of fame in 1992 cite,0,0
susan kathryn rowan known as shenpen hookham is buddhist teacher who has trained for over 50 years in the mahamudra and dzogchen traditions of tibetan buddhism,0,0
cite he is the only one of their ex owners of liquidated banks who proposed to cover the bank debts to the deposit guarantee fund and the nbu,1,1
now bindass act as 24x7 music channel,0,0
as of 2014 neighborhood on the upswing many of the homes have been restored the larger ones converted into multi unit apartment houses the smaller ones home to growing artistic community,1,1
the car was compromise ground effect design due to the configuration of the ferrari wide angle flat 12 which was overtaken in due course by the extremely successful williams fw07 but not before racking up the necessary points to take both titles that year,1,1
the sikh gurus and the sikhs that followed them are some of the greatest examples of martyrs who fought cite against mughal tyranny and oppression upholding the fundamentals of sikhism where their lives were taken during non violent protesting or in battles,1,1
the granting of same sex marriages recommenced following the united states supreme court decision in hollingsworth perry which restored the effect of federal district court ruling that overturned proposition 8 as unconstitutional,0,0
eros is almost always translated as love and the english word has its own varieties and ambiguities that provide additional challenges to the effort to understand the eros of ancient athens,0,0
panmure also has one of the finest clubhouses in scotland modelled spiritually on the royal calcutta golf club,1,1
divx digital video express is discontinued digital video format an unsuccessful attempt to create an alternative to video rental in the united states,0,0
one significant effect of typesetting was that authorship of works could be spotted more easily making it difficult for copiers who have not gained permission,0,1
when the two sons took over they changed the name of the southern brotherhood to southern brotherhood militia because of problems with copycats using the good well established name of the southern brotherhood,1,1
ducks and geese are usually found swimming in the ponds,0,0
nfpoc grew from 16 000 members in 1922 36 000 in 1932 and nearly 50 000 by 1940,1,1
it raises specific issues of intellectual property in computing and online contract law privacy freedom of expression and jurisdiction,0,0
in 2011 seminal paper on the topic came out written by hood and friend,1,1
aishwarya has given one of her finest performances and one of the best in cinema,1,1
as he did not have talent for languages he found it difficult to adjust to the reality of life abroad,1,1
residues are separated and taken to the recycling plant,1,1
its main corporate units are paradise cable limited pcl sbs cables ltd and paradise spinning mills ltd paradise cables is the leading manufacturer of all types of wires cables and conductors in bangladesh,1,1
being related to the concept of the spirit or geist it is core tenet of völkerpsychologie and other versions of post hegelian philosophy and german romanticism cite,0,0
while student gaining his academic degree in the 1840s he earned international recognition when he deciphered the codex ephraemi rescriptus 5th century greek manuscript of the new testament,0,0
the approaches set out below are examples of recent clinical applications of attachment theory by mainstream attachment theorists and clinicians and are aimed at infants or children who have developed or are at risk of developing less desirable insecure attachment styles or an attachment disorder,0,0
apart from stalin the most influential theorist of the law of value in the 20th century was yevgeni preobrazhensky,1,1
arthur barclay chapman 28 october 1908 29 december 2004 was the university of wisconsin madison most accomplished animal genetic researcher,0,0
with over 7 5 million residents of various nationalities in 1 104 square kilometre 426 sq mi territory hong kong is one of the most densely populated places in the world,0,0
it was designed to be pittsburgh version of milwaukee summerfest and seattle bumbershoot cite,0,0
the ulster scottish population in ireland was quite possibly preserved from complete annihilation during the subsequent irish confederate wars when scottish covenanter army was landed in the province to protect the ulster scottish settlers from native irish landowners,1,1
the current president is xi jinping who took office in march 2013,0,0
he has left deep impression on the language and the culture of the land,1,1
the show was cancelled on december 5 after 12 episodes had been broadcast,0,0
the first tune wonder recorded was the first garden where he used sampled bird chirp as the lead sound in the song,1,1
their outlaw career would prove to have been short and ultimately non productive,1,1
the cubs first known as the white stockings were founding member of the nl in 1876 becoming the chicago cubs in 1903,0,0
maccormick influenced the field of criminology with his ideas practices and suggested improvements,1,1
the name currently survives through the marmon group of chicago illinois,0,0
a masterpiece of cartography this soviet atlas was published in moscow in 1967 by the chief directorate of geodesy and cartography under the council of ministers of the ussr gugk russian главное управление геодезии и картографии гугк при совете министров ссср,1,1
a great triumph of these laborious months was the decipherment of the palimpsest codex ephraemi syri rescriptus of which the new testament part was printed before he left paris and the old testament in 1845,1,1
the total annihilation of government forces heavily supported by the british army sent signal to the emperor that the tigrayans weren only brave fighters but also astute strategists said hailemariam when he gave an interview to wegahta magazine,1,1
due to such wide range of features the tone ranges from serious investigatory and at times somber to happy hopeful and humorous,1,1
direct to video or straight to video refers to the release of film tv series short or special to the public immediately on home video formats rather than theatrical release or television broadcast cite,0,0
a member of the republican party of minnesota he represents district 28 which comprises parts of fillmore houston and winona counties in the southeastern part of the state,0,0
dr antonio limson φ53 eminent teacher researcher,1,1
the representation of jesus himself on the cross is referred to in english as the corpus latin for body,0,0
after the chinese communist revolution in 1949 most land is owned by collectivities or by the state the property law of the people republic of china passed in 2007 codified property rights,0,0
best known as the author of you just don understand she has been mcgraw distinguished lecturer at princeton university and was fellow at the center for advanced study in the behavioral sciences following term in residence at the institute for advanced study in princeton nj,0,0
he is 7 time national champion and canadian record holder in the 50 meter sprint and 100 meter freestyle and is the first canadian born swimmer to break 23 seconds in the 50 meter freestyle event,0,0
dr manuel macapinlac φ50 eminent teacher and researcher in biochemistry and nutrition,1,1
he is the mind behind premium tobacco product starbuzz that has transformed the tobacco industry,1,1
vietnam is member of asia pacific economic cooperation association of southeast asian nations and the world trade organization,0,0
in 2020 he was listed at number 11 on the irish times list of ireland greatest film actors cite,0,0
giacomo da viterbo osa 1255 1307 born giacomo capocci nicknamed doctor speculativus was an italian roman catholic augustinian friar and scholastic theologian who later went to hold number of ecclesiastical posts,0,0
this resulted in an unprecedented increase of international news coverage on sweden,1,1
the busójárás carnival in mohács is major hungarian folk music event formerly featuring the long established and well regarded bogyiszló orchestra cite,0,1
zambrano had an excellent year hitting with 300 batting average and one home run,1,1
melos surrendered in the winter and the athenians executed their men and enslaved their women and children,0,0
he had brilliant career at oxford where he took double first in english and in theology before being ordained priest in the church of england,1,1
stogran grew up in northern quebec with great love of the outdoorscite and extreme over the top competition,1,1
produced by paul butler bird and the band went for rudy van gelder jazz room sound where the instruments bleed into all the mics in just the right way,1,1
karen koren is one of the major supporters of australian comedy talent and has produced number of notable australian acts at the gilded balloon over the years including greg fleet and is particularly noted for being the springboard for the careers of tim minchin and drags aloud,1,1
the baseball field features professional sized artificial turf with clay pitcher mound and two fenced bullpens,0,0
henri chopin 18 june 1922 3 january 2008 was an avant garde poet and musician,0,0
time magazine described the event in 1991 as the world most recognizable international advertising awards,0,0
its officers include commodore vice commodore rear commodore secretary and treasurer,0,0
the first novel in the turing hopper series you ve got murder 2002 debuted highly unusual sleuth an artificial intelligence ai personality who becomes sentient and won the agatha award for best mystery that year,0,0
he also served as political commissar and was made divisional general in communist poland,0,0
this project is the first of its kind in the middle east that allows the community to access police services through kiosks in line with the future visions of uae leaders to transform dubai into the smartest city in the world and by 2021 to have artificial intelligence play crucial role in reducing crime and promoting safer environment,1,1
shikhar dhawan of india received the golden bat award for scoring 338 runs in the tournamentcite while hasan ali of pakistan received the golden ball award for taking 13 wickets he was also adjudged the man of the series for his contribution towards pakistan first icc tournament title since 2009,1,1
last laugh or the last laugh may refer to,0,0
herting has toured as motivational speaker where she talks about the power of visual leadership and creativity in various academic and corporate settings,1,1
he was nicknamed chiquita,0,0
his several accolades bestowed titles and honors reflect his work as vocalist where he brings to the fore the work with an exemplary sense of proportion and unique sense of innovation,1,1
the uk municipal bonds agency provides councils with lower borrowing costs,1,1
admission to the university is restricted and competitive,1,1
unlike herzl the founder of political zionism ha am strived for jewish state and not merely state of jews cite,0,1
of second wave transpersonalism and his participatory approach to spirituality religious pluralism and integral education is widely discussed in academic journals and conferences,1,1
they host several endemic terrestrial gastropods and lizards as well as important aggregations of palaearctic migrant water birds,1,1
bernard belleau oc frsc march 15 1925 september 4 1989 was canadian molecular pharmacologist best known for his role in the discovery of lamivudine drug used in the treatment of hiv and hepatitis infection,0,0
according to the 2015 census it has population of 454 486 people,0,0
the name tapiola is derived from tapio who is the forest god of finnish mythology especially as expressed in the kalevala cite,0,0
the melians refused so the athenians laid siege to their city melos surrendered in the winter and the athenians executed their men and enslaved their women and children,0,0
despite the cubs finishing with the worst record in the national league 2006 was transformative year for zambrano as he thrived under the pressure of assuming the number one role in the cubs rotation as the former aces apparent mark prior and kerry wood were incapacitated for the vast majority of the season,1,1
it is generally regarded as one of their strongest efforts featuring powerful epic tracks such as song for dying she said and mocking bird one of their best known songs,1,1
the sculpture was purchased in 1975 by the indianapolis sesquicentennial commission and first installed in indianapolis indiana in 1977,0,0
from 2000 to 2007 federman was senior dean for alumni relations and clinical teaching at hms mentoring medical education developments through innovative initiatives,1,1
a webcron solution can be used on hosts that already have cron available,1,1
paweł jasienica was the pen name of leon lech beynar 10 november 1909 19 august 1970 polish historian journalist essayist and soldier,0,0
its main objectives are development of physical education promotion of healthy lifestyle and physical activities among polish youth,0,0
after receiving his education from nalanda college colombo he entered university of ceylon peradeniya graduating with special ba degree in economics specializing in banking currency,1,1
they typically use bag of words features to identify spam mail an approach commonly used in text classification,0,0
another possible instance of hekmatyar treachery toward his rivals occurred in 1987,1,1
ishika most famous hit was hrudaya kaleyam which went on to gross huge blockbuster collections,1,1
due to the wild success of the macbook pro around the globe the unibody case design and the aesthetics of the macbook pro is highly valued,1,1
he was famous for his works in lucan dialect cite and being nominated for the nobel prize for literature,0,0
mevius メビウス mebiusu previously called mild seven マイルドセブン mairudo sebun is japanese brand of cigarettes currently owned and manufactured by japan tobacco,0,0
in addition to serving as lawyer and politician mercredi is noted author,1,1
based on rumours that she was caught in an affair with thomas wharton 1st marquess of wharton well known ladies man before her marriage to charles and never told him she is said to have been possibly locked up in raynham hall before mock funeral took place,1,1
the disposal unit shreds food waste into pieces small enough generally less than 2 mm 0 079 in to pass through plumbing cite,0,0
users who set up premium accounts on third party webcron scheduling providers typically gain additional benefits such as sms and email notifications uptime reports and logging increased timeout limits schedules won expire being able to use http post method http cookie support or fewer restrictions on scheduling frequency,1,1
regis would make it back to the naia semifinals in 1951 only to finish in 4th place,0,0
in 1999 the artist created many enigmatic and enthralling artworks which continuously depict the urban environment,1,1
it was recorded at john foxx garden studios in london and was supported by the construction time again tour,0,0
the movie dialogues need special mention as they have been written quite cleverly with lot of fun and good emotions during the climax,1,1
since then it has gained reputation as one of the most adventurous and unique in great britain,1,1
between 2008 and 2010 ejogo grew the business nationally and internationally with significant growth in france germany the netherlands the republic of ireland and the us,1,1
civil direction of the military is carried out through the ministry of defense which oversees the ground forces air force as well as the defense industry sector,0,0
it is listed as least concern on the iucn red list and is mainly threatened by destruction of wetlands trapping and poisoning,0,0
bill peyto may have been the first person to bring real tourists through the sunshine area,1,1
after the dissolution of the soviet union in the mid 1990s he accumulated considerable wealth by obtaining control of number of siberian oil fields unified under the name yukos one of the major companies to emerge from the privatization of state assets during the 1990s scheme known as loans for shares,0,0
the latter theme led post world war ii critics to compare anderson militaristic approach to homosocial order and the fascists of the war axis powers,0,0
the com series in particular its original entry achieved sizable cult following and has influenced many other video games including the creation of number of clones spiritual successors and unofficial remakes,0,0
buenos aires resisted urquiza and seceded from the confederation in 1852 becoming the state of buenos aires the province would return to argentina in 1861,0,0
this is list of instruments used in ophthalmology,0,0
john macdonald maccormick 20 november 1904 13 october 1961 was scottish lawyer scottish nationalist politician and advocate of home rule in scotland cite,0,0
he also remixed tracks by number of well known artists such as clean bandit,1,1
charles stewart mott june 2 1875 february 18 1973 was an american businessman co founder of general motors philanthropist and the 50th and 55th mayor of flint michigan,0,0
it has even been asserted that it was merely tolerated by the catholic church but this statement is priori improbable in regard to school of which not single proposition has been censured and to which so many highly venerated men bishops cardinals popes and saints have belonged and it is still less probable in view of the approval of the various general statutes repeated so often down to the present day in which scotism is at least recommended,1,1
svenska dagbladet swedish the swedish daily news abbreviated svd is daily newspaper published in stockholm sweden,0,0
the more expensive materials are typically more breathable,1,1
many of the ground breaking ideas developed at sia were incorporated in control data later systems,1,1
it was concerning for the s as the taliban grew to be more extreme and direct threat to the united states its citizens and its foreign dignitaries,0,1
although he is very conservative morrow has calm folksy manner that has made him popular with both republican and democratic legislators,1,1
these advantages lead the vsmp architecture to considerably benefit over other architectures using asynchronous clocking technologies,1,1
apple has become the epitome of cult branding,1,1
in the lead up to the 2011 nsw state election samier dandan famously threw his weight behind the liberal party in south western sydney traditional labor stronghold,1,1
the music video if you despite having different special effects it has good content and sound first by using magic box loving feelings mixed with drum sets and sound echoes,1,1
until the 19th century at least the name was formerly also applied to the river sett as far as its confluence with the river goyt in new mills cite,0,0
the treaty of tordesillas was arguably the most decisive event in all brazilian history since it determined that part of south america would be settled by portugal instead of spain,1,1
the student family of angira are called angira citecite and they are credited to be the authors of some hymns in the first second fifth eighth ninth and tenth books of the rigveda,0,0
although it never entered service its research pointed the way toward the later general dynamics 111 and grumman own 14 tomcat,0,0
the concert and event hall has 1 350 seats and measures 40 18 17 it has excellent acoustics,1,1
saunders would end up back in chicago and originate the musical phenomenon known as house music in 1984,1,1
the large atlas mira 1st russian edition 1954 with some 200 000 names meant very special achievement,1,1
the boomtown rats broke up in 1986 but reformed in 2013 without fingers or cott,0,0
the product could be literature written in any of the languages and dialects in the philippines or foreign language,0,0
canonization is the declaration of deceased person as an officially recognized saint cite specifically the official act of christian communion declaring person worthy of public cult and entering his or her name in the canon or authorized list of that communion recognized saints,0,0
cooke games were often innovative,1,1
as of 2020 abu dhabi urban area had an estimated population of 1 48 million cite out of 2 9 million in the emirate of abu dhabi as of 2016,0,0
the reservoir is place of scenic beauty where migratory birds can also be found,1,1
the foreign policy of poland is based on four basic commitments to atlantic co operation to european integration to international development and to international law,0,0
ira rowe was the judicial giant of caribbean jurisprudence in the last three decades of the twentieth century,1,1
he made his discoveries while living in poverty and died at the age of 26 from tuberculosis,0,0
astra romania was the most important aircraft builder in romania from 1920 to 1927,1,1
after serving as bank officer and as sergeant in the second world war askin joined the liberal party and was elected to the seat of collaroy at the 1950 election,0,0
his folk tunes are directly empowering people and making them feel the rhythm of nature,1,1
biodegradable bags are bags that are capable of being decomposed by bacteria or other living organisms,0,0
russia also has rich material culture and tradition in technology,0,1
in 1972 washington was inducted into alabama women hall of fame for her compassion intelligence and independence of judgement which led her to be among the greatest women and african american leaders of her century,1,1
during the third reich the comedy was marginalized and not performed goebbels called it eine revue die uns heute zum hals heraushängt the kind of entertainment we find boring and superfluous today whereas people in the 1950s keen on harmony and shallow pleasures eagerly greeted revivals of the show,1,1
to meet nascar homologation rules and also to bring petty engineering back to chrysler it was decided that plymouth would get its own version of dodge winged wonder for the 1970 nascar season,1,1
a remote access capable webcron solution is typically bundled with pair of client and server components,1,1
ballenger was member of the flint board of education for six years and made generous bequests to flint junior college later renamed mott community college,1,1
famous according to whom,1,1
both of these dark and atmospheric albums caught the attention of film directors and editors,1,1
dr george viterbo φ50 model community doctor,1,1
the volcano is part of the natural volcanoes of kamchatka unesco world heritage site,0,0
contentious material about living persons that is unsourced or poorly sourced must be removed immediately especially if potentially libelous or harmful find sources chris lamb software developer news newspapers books scholar jstor august 2019 learn how and when to remove this template message this article may rely excessively on sources too closely associated with the subject potentially preventing the article from being verifiable and neutral,1,1
http southhavencentrallofts com,1,1
humans are not physiologically and anatomically well adapted to the environmental conditions of diving and various equipment has been developed to extend the depth and duration of human dives and allow different types of work to be done,0,0
as such the current barony of wharton could more accurately be listed as new barony created in 1916 with the precedence of the older and extinct barony,0,0
kyiv the modern capital of ukraine is often referred,1,1
he also wrote instrumental works and church music,0,0
dr ramon abarquez jr φ48 eminent cardiologist and developer of the dynamic exercise ecg test dr jose rizal memorial awardee jose rizal,1,1
however he criticises the use that is made of it at present it encourages the development of fancy natural language interfaces instead of the investigation of deep cognitive faculties,1,1
many are very well qualified and have degrees such as bachelor degree a or sc master degree sc or even doctorate dr and or other professional qualifications such as the hnc hnd and nvq,0,0
its technique is similar to its smaller cousin with few notable differences,0,0
this was ground breaking given calgary country music roots,1,1
dr alendry caviles φ49 leading hematologist and immunologist dr jose rizal memorial awardee,1,1
for their unique tuned colour palette,1,1
organisers have responded positively and affirmatively to negative reports from the website ocean swims com au regarding the lack of promotion of the races that they receive commission from,1,1
their colour names such as elephant breath have become talking pointscite in themselves,0,0
a successful bollywood film dhan dhana dhan goal makes use of the name southall fc for fictional club integral to the storyline although the club referred to in the movie has no connection at all to the actual southall fc,1,1
they have since released mixtape the re union in late december 2009 and their second album revolutions per minute was released may 18 2010,0,0
analysis of statistical data suggests the recent success of the school is largely due to the innovative energetic and collaborative pedagogical philosophy of the teaching staff and executive,1,1
the regiment was composed almost entirely of men from worcester county and was mustered in on july 12 1861,0,0
citecite she is also famous for lobbying kharkiv region interests in the united states and china,1,1
other major sources of objects were the collections of p morgan and joseph brummer,0,1
thus the habitus represents the way group culture and personal history shape the body and the mind as result it shapes present social actions of an individual,0,0
different cultures religions philosophies and organizations have varying concepts on how such state would come about,0,1
the largest and most successful private health care exchange is californiachoice established by the word brown general agency in 1996,1,1
cite growing up he was very talented soccer player and this resulted in him earning scholarship,1,1
the college is one of the only education providers in lincolnshire to provide full range of progression opportunities including level btec nvq hnds and fdas,1,1
all australian citizens and permanent residents have access to fully covered health care in public hospitals and clinics,0,0
holguín later became great orator debater and writer,1,1
confederate memorial day called confederate heroes day in texas and florida and confederate decoration day in tennessee is cultural holiday observed in several southern s states on various dates since the end of the civil war to remember the estimated 258 000 confederate soldiers who died in military service,0,0
particularly in spring these offer rich range of wild flowers,1,1
jay jungle is fun filled engaging rumble through stylised jungle where questions are asked and ideas explored through music story and playful characters that captivate and inspire young minds,1,1
he designed the logo for hillary clinton 2016 presidential campaign,0,0
he represented trinity bay in the newfoundland house of assembly from 1859 to 1873,0,0
marinduquenos are peace loving simple religious and hardworking,1,1
he was convicted of numerous federal crimes for operating petters group worldwide as 3 65 billion ponzi schemecite and received 50 year federal sentence,0,0
the initials ko stand for lehrman knockout,0,0
this is opposed to software being developed first and test cases created later,0,0
massline entered joint venture with legendary hip hop label rawkus records in 2007 for the june 12 2007 release of their new album bayani the name derives its meaning from two different languages,1,1
october and november and february and march have pleasant climate,1,1
the judiciary also known as the judicial system judicature judicial branch judiciative branch and court or judiciary system is the system of courts that adjudicates legal disputes and interprets defends and applies law in legal cases,0,0
yerevan computer research and development institute has extensive experience in the design development and implementation of large computerized systems software and hardware solutions for radio electronics industry specialized systems and customized software products,1,1
his sociological view of the proceedings inherited from piero calamandrei the shared experience of the civil law and the common law made him privileged observer of the great conflicts of value of the 20th century and most of all an insuperable reformer in the studies of procedural law,1,1
he was relative of the sculptor francesco laurana,0,0
before this there was no step between the 19 team and the senior team,0,0
nag provide numerical servicescite in the areas of mathematical optimisation and algorithmic differentiationcite and are global specialists in high performance computing consulting and services,1,1
snow research constitutes one of the most original and groundbreaking bodies of work in the discipline,1,1
founded as fishing village in 1874 by juan brito and his family who came from puerto rico the town is now tourist destination,0,0
it is currently sponsored by qatar airways and thus officially known as the qatar airways martyr memorial division league,0,0
melmerby beach provincial park contains lifeguard service toilets in the public facilities boat launching salt rinse showers and abundant parking which make this beach the most ideal destination,1,1
,0,1
they are one of two mlb teams based in new york city the other is the new york yankees who compete in the american league al east division,0,0
all of its attributes and its wide success made it all the more astonishing if not suspicious when dell abruptly discontinued the studio xps 13 model less than year after its launch leaving many would be owners holding their credit cards and many current owners on guard watching their prized possessions,1,1
george howard brett born may 15 1953 is an american former professional baseball player who played 21 years primarily as third baseman in major league baseball mlb for the kansas city royals,0,0
when using remote access scheduling provider users usually have refined control over how communication takes place with the web server,1,1
the artist works on the south shore of long island where he resides with his wife artist kathleen graves,0,0
the 1960s witnessed devastating fire 1963 and reconstruction in the church proper as well as the beginning of two enduring outreach efforts trinity counseling service and all saints church which was created in 1960 as neighborhood church to serve the fast growing eastern end of princeton township with its own vicar,1,1
self funded developers are known as independent or indie developers and usually make indie games cite,0,0
it was also the inaugural tournament where the trophy was referred to as the jules rimet cup to mark the 25th anniversary of jules rimet presidency of fifa,0,0
it was the lack of success experienced by the team on this tour that is credited with sparking the welsh rugby union into action appointing their first national coach and reaping the rewards with their fabled teams of the 1970s,1,1
portions of san pablo avenue particularly in berkeley albany and el cerrito are slowly transforming with mix of trendy shops restaurants and condominium developments,1,1
the georgia chamber routinely supports good legislation and opposes bad legislation that most small and large business owners would consider threat to their business success,1,1
this rigorous program now coeducational has thrived under succession of gifted leaders including notable anglican musicians john bertalot and tom whittemore,1,1
jazz aficionados in new orleans and elsewhere and the watzke family worldwide are commemorating the 100th anniversary of the death of king watzke the nearly forgotten jazz great of the early days of the genre in january 2019,1,1
its landscape is mainly overlaid with orchards and grapevines with some housing development in recent years,1,1
as space activity becomes increasingly integrated into every aspect of life here on earth the sea intends to show how this new focus on exploration will provide myriad advances in science and technology untold economic opportunity and serve as an inspiration to our nation youth,1,1
cigar daisey was one of the local chincoteaguers that would help mackey find all the best decoys that made his collection world famous,1,1
joseph h weiler in his seminal work the dual character of supranationalism states that there are two main facets to european supranationalism although these seem to be true of many supranational systems,1,1
together with parts of lowry hill east and other nearby neighborhoods east isles is part of the larger but unofficial uptown neighborhood,0,0
since 1982 the carolyne barry workshops have been one of the most successful independent full training programs in hollywood,1,1
creative destruction german schöpferische zerstörung sometimes known as schumpeter gale is concept in economics which since the 1950s has become most readily identified with the austrian born economist joseph schumpetercite who derived it from the work of karl marx and popularized it as theory of economic innovation and the business cycle,0,0
traditionally depicted dressed in lincoln green he is said to have robbed from the rich and given to the poor,0,0
by creating hybrid gender identity cite the transgender community suggests notions of movement toward postgenderism,1,1
michael john meaker born 18 august 1971 is welsh retired footballer who played as midfielder and currently football coach,0,0
while the bbf has been in existence for some time new and vibrant executive was recently,1,1
wireless touchpads are also available as detached accessories,0,0
the corps was not only among the foremost in this brilliant assault but its flags were the first to wave over the public buildings of petersburg,1,1
pi alpha phi fraternity is member of the national apida panhellenic association,0,0
contentious material about living persons that is unsourced or poorly sourced must be removed immediately especially if potentially libelous or harmful find sources spice diana news newspapers books scholar jstor january 2018 learn how and when to remove this template message the topic of this article may not meet wikipedia general notability guideline,1,1
dr luis mabilangan φ47 an institution in the field of philippine pediatrics,1,1
it became widespread after the threat of nuclear weapons was realized,0,0
operational amplifiers had their origins in analog computers where they were used to perform mathematical operations in linear non linear and frequency dependent circuits,0,0
the site covers an area of about 8 square kilometres 3 1 sq mi,0,0
eden prairie high school is accredited by the north central association of colleges and secondary schools and the minnesota department of education,0,0
the database library can optionally be run in process with the application eliminating client server remote procedure calls,0,1
a typical implementation of remote access plugin or module is to incrementally back up files and databases from the web server to the client,1,1
the art collection of the duke of bedford is amongst the finest in private hands and encompasses wide range of western artwork,1,1
remote access usually offers capabilities that are impossible with other scheduling providers,1,1
stratford high school serves several neighborhoods including westchester sherwood oaks nottingham forest nottingham west wilchester gaywood wilchester west yorkshire memorial townhomes village on memorial townhomes memorial way rustling pines memorial plaza and the sbisd portions of thornwood and ashford forest,0,0
male peafowl are referred to as peacocks and female peafowl are referred to as peahens even though peafowl of either sex are often referred to colloquially as peacocks,0,0
rector found what he was looking for in young up and coming artist and visionary osborne,1,1
in an unprecedented move the core shareholders of the bank the financial holding group menatep of which khodorkovsky was principal decided to share their own money with the 15 000 bank menatep small depositors whose savings had been wiped out by the collapse,1,1
this brought the clarity of the eden sound into the budget range of many weekend warriors and semi professionals,1,1
raj kapoor had the knack of getting the best out of any one since he had mastered all departments of film making and even marketing them,1,1
the grand awe inspiring beauty of his images is often in tension with the compromised environments they depict,1,1
kimo apprentices with esteemed poet and novelist albert wendt,1,1
for years the youth baseball and softball league was the gold standard in the catoctin area,1,1
after his retirement he continued to serve as an honorary assistant bishop in the diocese of ripon and leeds cite,0,0
again they amazed the audience with their new title song arirang 아리랑 which had the classic instruments of korea playing as the background music,1,1
the vfr750f was the first of the 750 class to have an aluminium twin spar frame weighing just 14 kg 31 lb and the nearest thing on the road to the vfr the gsx also had an aluminium frame but it was of conventional twin cradle design,1,1
joshua gros born june 25 1982 in mechanicsburg pennsylvania is retired american soccer player,0,0
he livens up many broadcasts with few hawaiian and japanese phrases spoken with impeccable pronunciation and has been known to announce half inning totally in spanish,1,1
some important terminology in charitable trusts is the term corpus latin for body which refers to the assets with which the trust is funded and the term donor which is the person donating assets to charity,0,0
the general acceptance of the theory of complex numbers is due to the labors of augustin louis cauchy and niels henrik abel and especially the latter who was the first to boldly use complex numbers with success that is well known,1,1
coal is imported from indonesia since it is cheap and good quality,1,1
many popular books on tablet weaving promoted the egyptian origin theory until in an appendix to his magisterial work on tablet weaving peter collingwood proved by structural analysis that the linen belt couldn have been woven on tablets,1,1
the films sees some of the greatest martial arts action performed in scene featuring richard norton cynthia rothrock and very youthful andy lau,1,1
unsourced material may be challenged and removed find sources juan manuel de la rosa news newspapers books scholar jstor january 2018 learn how and when to remove this template message this article includes list of references related reading or external links but its sources remain unclear because it lacks inline citations,1,1
monte cook is an american professional tabletop role playing game designer and writer best known for his work on dungeons dragons,0,0
dspam is bayesian anti spam filter that learns really fast,1,1
urdu and english languages are also widely understood in hunza,1,1
he discovered and first characterized coli dna ligase key enzyme of genetic engineering and recombinant dna technology,0,1
in just few years it has built an impressive film catalogue welcomed in the most important festivals,1,1
traces of human habitation in the area date back more than 10 000 years making it one of the oldest continuously inhabited settlements of argentina,0,0
the highest volcano is klyuchevskaya sopka 4 750 or 15 584 ft the largest active volcano in the northern hemisphere cite while the most striking is kronotsky volcanologists robert and barbara decker regard its perfect cone as prime candidate for the world most beautiful volcano,1,1
julio deutsch croatian julije dajč born in 1859 died in 1922 was well known croatian architect known for his architectural art nouveau style,1,1
of modern anesthesiology in the country luis mabilangan φ47 an institution in the field of philippine pediatrics,1,1
the team competed in the inaugural and only super league season in 1997 as well as that year world club challenge,0,0
despite its modest length of 74 kilometres 46 mi it is the fourth largest river in europe in terms of average discharge after the volga the danube and the rhine cite,0,0
the spartans baseball program is one of the tops in texas placing numerous players into top college programs and 13 into the professional level with 3 mlb players in history dean crow chris james and chance sanford,1,1
paul mares june 15 1900 august 18 1949 was an american early dixieland jazz cornet and trumpet player and leader of the new orleans rhythm kings,0,0
suddenly the maya entered written history,1,1
it is told in the first person by huckleberry huck finn the narrator of two other twain novels tom sawyer abroad and tom sawyer detective and friend of tom sawyer it is direct sequel to the adventures of tom sawyer,0,0
for example island air in hawaii calculated that the use of 50 seat regional jet would break even at 45 passenger seats compared to the q400 35 36 seats around 55 breakeven load factor,1,1
a marvelous lyric baritone panzéra beautiful warm and expressive instrument was perfectly at home in the subtle world of the art song,1,1
the baxter creek watershed at large has 10 sources,0,0
post boxing bates began successful career as full time insurance sales professional,1,1
this is considered by many to be the northernmost battle of the civil war,1,1
these years have been major success for the faroe islands under 21 team especially 2009 2010 when the team finished the qualification with an historical 11 points which is the most points any faroese national team has ever gotten during qualification stages,1,1
in the kauaeranga valley impressive volcanic plugs remain as does lava lake that now forms the top of table mountain,1,1
he was killed in an agricultural accident on 25 july 2008,0,0
for his contributions to film the government of india honored him with the padma bhushan in 2011 and the dadasaheb phalke award in 2014,0,0
us federal agencies used cepheid machines to detect the spreading anthrax contamination and identify its possible sources,1,1
during the 1970s and 1980s eli lilly and company saw flurry of drug production an antibiotic keflex in 1971 heart drug dobutrex in 1977 ceclor which would become the world top selling oral antibiotic in 1979 leukemia drug eldisine an antiarthritic oraflex and an analgesic darvon,1,1
evans also is remembered for an endless variety of unforgettable and award winning radio commercials hawking weekly events at the tracks that he managed,1,1
kn academy was established by the khalil nanitalwala educational society as non profit organization dedicated to the cause of providing quality education,1,1
these french louisiana sounds have influenced american popular music for many decades especially country music and have influenced pop culture through mass media such as television commercials,0,0
the rupiah is divided into 100 sen although high inflation has rendered all coins and banknotes denominated in sen obsolete,0,0
he previously served as an associate justice and as chief justice of the massachusetts supreme judicial court and was weld professor of law at his alma mater harvard law school,0,0
other bookmarks incorporate page flap that enables them to be clipped on page,0,0
the international labour organization defines social security as covering support for those in old age support for the maintenance of children medical treatment parental and sick leave unemployment and disability benefits and support for sufferers of occupational injury citecite,0,0
awe has devoted an impressive amount of time and energy to his excavations at cahal pech and his writings have largely focused on the maya cities of west central belize during the formative preclassic and classic periods,1,1
the town is significant in the history of the welsh marches and neighbouring wales,0,0
the file format is specified in proposed internet standard rfc 5545 for calendar data exchange,0,0
although authorities have been unable to pin point the master minds behind the incidents a anti cyber terrorism vows to stay tunes to its community members and hopes one day to put stop to these elite members of its hacking community they will be paying close attention to its site owner evilwez,1,1
disney channel has had many popular shows throughout its history,1,1
with roots in hacker culture and hacker ethics its ends are often related to free speech human rights or freedom of information movements,0,0
a dune buggy also known as beach buggy is recreational motor vehicle with large wheels and wide tires designed for use on sand dunes beaches roads or desert recreation,0,0
at the photo shoot the girls worked with renowned photographer tony drayton and were shot in pairs in high fashion outfits in front of an urban graffiti setting,1,1
despite the notion of absolute monarchy typified by the king right to issue lettres de cachet and the efforts by the kings to develop centralized state the kingdom of france retained administrative irregularities authority regularly overlapped and nobles resisted change and did their best to retain autonomy,0,0
sareshkeh football team is one of the most powerful teams in gilan,1,1
cinemania film festival is french language film festival with english subtitles that takes place in montreal,0,0
in 2007 the company was awarded the national utility contractors association associate of the year award,0,0
at the 2016 census it had population of 8 497,0,0
historically and internationally support for affirmative action has sought to achieve goals such as bridging inequalities in employment and pay increasing access to education promoting diversity and redressing apparent past wrongs harms or hindrances,0,0
mcgregor has turned his love and hobby of trains into successful career,1,1
he was considered one of the australia finest rugby league players of the twentieth century cite,0,0
founded in 1998 to promote independent video game developers and innovation in video game development cite igf wants to do for the independent game community the same benefit the sundance film festival has brought to the independent film community cite igf is owned by the cmp game group producers of the game developers conference game developer magazine and gamasutra com,1,1
furthermore sentiment analysis on twitter has also been shown to capture the public mood behind human reproduction cycles on planetary scale cite as well as other problems of public health relevance such as adverse drug reactions,1,1
the company produced numerous acclaimed films often in conjunction with companies such as tristar and orion pictures including platoon 1986 and the last emperor 1987 back to back winners of the academy award for best picture,0,0
the tournament was won by sri lanka which defeated australia in the final at the gaddafi stadium in lahore pakistan,0,0
according to the 2020 qs world university rankings by subject unsw is ranked top 15 in the world for accounting finance and law citecite and 1st in australia for engineering and technology cite,0,0
in north america the most common usage of the term refers to loyalty to the british crown notably with the loyalists opponents of the american revolution and united empire loyalists who moved to other colonies in british north america after the revolution,0,0
the various prototypes have never shown any wear or ultimate strength breakage problems in the many hours of testing some at very high rpm they have undergone,1,1
the megelli range is currently sold in 37 countries in europe asia australia africa north america and south america citecite,0,0
dr romeo espiritu φ49 leader in ophthalmology,1,1
in addition to its historic value woodbridge is also notable for being an intact neighborhood of turn of the century homes within walking or biking distance of detroit downtown midtown new center and corktown neighborhoods,0,0
rendell played just one game with the lions in 1988 the rest of the year spent in the reserves which rendell put down to misunderstanding with coach david parkin,1,1
he was considered an inspiration by many lyricists,0,1
his surname chrysostom comes from the greek chrysostomos χρυσόστομος which literally means golden mouthed,0,0
interestingly chambers was practicing archivist as evidenced by his roles as secretary and committee member of the s,1,1
the city is famous for having preserved almost intact its medieval spatial layout and many gothic buildings all built from brick including monumental churches the town hall and many burgher houses,1,0
more developed rhythm techniques include arpeggios damping riffs chord solos and complex strums,0,1
both series have sold extensively in markets around the world and have had enormously successful video and dvd releases,1,1
it is not effective for absence or myoclonic seizures,0,0
it typically comprises kartvelian indo european and uralic languages some languages from the disputed altaic family the afroasiatic languages spoken in north africa the horn of africa the arabian peninsula and the near east as well as the dravidian languages of the indian subcontinent sometimes also elamo dravidian which connects india and the iranian plateau,0,0
it is also known as the home team it is headed by the minister for home affairs,0,0
cite loving and mills counties refused to license same sex couples into august claiming to have delayed implementation while they updated paperwork or software but they had started issuing by september 4,1,1
this field of engineering not only focuses on how computer systems themselves work but also how they integrate into the larger picture,0,0
it counts 540 congregations and 30 026 members according to official statistics,0,0
in the centre of the park stands the hazuri bagh baradari built by ranjit singh in 1818 to celebrate his capture of the koh noor diamond from shuja shah durrani in 1813 cite,0,0
it began following days of force buildup on the part of the attackers as well as skirmishes around the city,0,0
his multimedia works notably evoke feelings of energy warmth sensuality power and beauty and revolve around mostly spiritual themes,1,1
welsh captain clive rowlands dictated the patterns of play and orchestrated many of the fine welsh moves,1,1
the four premier partners are busch beer coca cola geico and xfinity,0,1
there is remarkable atmosphere of sensitivity cooperation and responsibility towards one neighbors and to the church programs and activities,1,1
his family was part of the catholic branch of the prussian royal family hohenzollern,0,0
the name is derived from ma in matić and tro in trottier,0,0
these are generally used for short to medium distance flights with fewer passengers than their wide body counterparts,0,0
woburn abbey ˈwoʊbərn cite occupying the east of the village of woburn bedfordshire england is country house the family seat of the duke of bedford although it is still family home to the current duke it is open on specified days to visitors along with the diverse estate surrounding it including the historic landscape gardens and deer park by humphry repton as well as more recently added attractions including woburn safari park miniature railway and garden visitor centre,0,0
on august 7 in just the fourth meeting of pitchers with the same last name since 2000 víctor zambrano of the new york mets outdueled carlos zambrano in front of an attendance of 40 321 fans at shea stadium pitching the new york mets to 6 1 win and sweep of the three game series,1,1
nerves that exit from the cranium are called cranial nerves while those exiting from the spinal cord are called spinal nerves,0,0
the chevrolet kingswood was 4 door station wagon produced by chevrolet in 1959 and 1960 and again from 1969 to 1972 built on the gm body platform,0,0
the artist saw his creation as representing the composite of thousands of american girls,0,0
as result large waves seldom appear at the bays making them suitable for human swimming,0,0
perhaps the most accessible source for the near original meaning of ideology is hippolyte taine work on the ancien régime origins of contemporary france,1,1
over the years sherman saw dazzling array of visitors usually drawn there to transact business or attend ceremonies at fort leavenworth,1,1
with manufacturing sites in north america and strategically positioned distribution centers the range of the rmc product portfolio provides superior cleaning and maintenance solutions to broad customer base sold in over 70 countries including education healthcare manufacturers food processors and preparers municipalities government organizations and building services contractors,1,1
paul chambers quintet is an album by american jazz bassist paul chambers recorded in 1957 and released on the blue note label in april 1958,0,0
network sharing is made possible by inter process communication over the network,0,0
this is the reason why if competitor is seen disposing of garbage somewhere that isn marked for garbage disposal he or she will be disqualified,1,1
according to bloor research rapidminer provides 99 of an advanced analytical solution through template based frameworks that speed delivery and reduce errors by nearly eliminating the need to write code,1,1
the film background score and soundtrack is composed by r rahman while ashok kumar and the duo lenin and t vijayan handled the cinematography and editing respectively,0,0
the band satyricon was in the need of guitarist and obsidian participated in the auditions and played the ass off some other 30 guitarists who also had applied for the job,1,1
winifred annie valentine 1886 1968 was notable new zealand teacher and educationalist,1,1
by 1990 chusovitina was vital member of the soviet team and was sent to compete in various international meets,1,1
his books are designed to approach tax strategies and asset protection from real estate investor perspective,0,0
the building disposition provides the artistic team with creative and innovative backdrop to aid in the creation of world class productions,1,1
the idea of combining motion pictures with recorded sound is nearly as old as film itself but because of the technical challenges involved the introduction of synchronized dialogue became practical only in the late 1920s with the perfection of the audion amplifier tube and the advent of the vitaphone system cite,0,0
game 5 was truly one of the greatest basketball games ever to be played,1,1
oscar is the creator and founder of og design sports brand of high performance and style to be using in races and training in addition to his brilliant career as triathlete is the principal researcher and field test pilot where with his extremely demanding perfectionist and approves every new product that will launch the brand,1,1
they are now the united kingdom major providers of new housing for rent while many also run shared ownership schemes to help those who cannot afford to buy home outright,0,0
a nitrovasodilator is pharmaceutical agent that causes vasodilation widening of blood vessels by donation of nitric oxide no cite and is mostly used for the treatment and prevention of angina pectoris,0,0
major corporations all over the world are either undertaking lca in house or commissioning studies while governments support the development of national databases to support lca,1,1
from this date wales was represented by smaller number of regional teams in both the celtic league and european cup competitions where previously the top club sides were entered into them,0,0
even from the beginning of 19th century keyi began to play dominant role in all fields and produced leading figures in every walk of life,1,1
according to tradition the founder of salamis was teucer son of telamon who could not return home after the trojan war because he had failed to avenge his brother ajax,0,0
the theory is based on groundbreaking discoveries about the centrality of the caregiving relationship in both child development and psychological treatment,1,1
working with various public and private partners ocse and their state affiliates collect billions of dollars in needed support for dependent children across the country,1,1
the golf course hosted the 2015 senior open golf tournament,1,1
kenneth earl wilber ii born january 31 1949 is an american philosopher and writer on transpersonal psychology and his own integral theory cite systematic philosophy which suggests the synthesis of all human knowledge and experience,0,0
he and his ex wife becky have two children son chad and daughter savannah,0,0
opened in november 2007 the 1lt joseph terry chemical biological radiological nuclear cbrn responder training facility occupies approximately 22 5 acres 91 000 m2 and provides state of the art cbrn responder training campus for inter service and other agencies as requested,1,1
erwin panofsky who had tremendous impact on the shape of art history in the us argued that historians should focus less on what is seen and more on what was thought,1,1
mle was quite successful and managed to recreate the creative play research atmosphere of the mit media lab,1,1
the vessel was officially transferred to the philippines on 28 april 2016 and was commissioned into active service at the same time with the philippine navy,0,0
fifty two languages formerly spoken in the country territory are now extinct,0,0
he was the research guide of fathima beevi the first muslim lady to get her phd in vedanta the supreme branch of hindu philosophy,0,0
for his contributions to film the government of india honored him with the padma bhushan in 2011 and the dadasaheb phalke award in 2014,0,0
retaining her original engines boilers and little changed accommodations she is one of the best preserved edwardian ocean steamships in the world and renowned example of canada earliest scientific prowess in the fields of hydrography and oceanography,1,1
the community is somewhat of tourist attraction because it is one of the smallest and oldest communities in newfoundland and because of few small beaches perfect for collecting sea shells,1,1
a link that no longer points to its target often called broken or dead link is specific form of dangling pointer,0,0
it was designed by intel to interface with chipsets and provide analog functionality such as sound cards and modems on an expansion card cite,0,0
the club patrons are john kolc and ron hilditch both of whom have had distinguished rugby league careers playing first grade for parramatta eels and later representing nsw and australia,1,1
dassault aviation sa french pronunciation is an international french aircraft manufacturer of military and business jets and is subsidiary of dassault group,0,0
among these best books was adieu aesthetics beautiful pages adieu æsthetica mooie pagina published in 1995 as the catalogue for the exhibition the aesthetic world of jan van krimpen book designer and typographer in the museum of the book museum meermanno westreenianum in the hague and in the american institute of graphic arts aiga in new york 1995,1,1
in 1955 1957 he edited prose section in po prostu polish socio political magazine published in 1947 57 but he was not good publicist,1,1
it has restricted distribution in the wild but is one of the most commonly planted ornamental eucalypts,0,0
unsourced material may be challenged and removed find sources subharti college of physiotherapy news newspapers books scholar jstor december 2012 learn how and when to remove this template message this article contains content that is written like an advertisement,1,1
idbi federal life insurance co ltd is three way joint venture of idbi bank an indian development and commercial bank federal bank one of india leading private sector banks and ageas multinational insurance giant based out of europe,1,1
their most recent release is full length called brake lights in 2011,0,0
under the rule of the country first king croatia became one of the most powerful kingdoms in the balkans,1,1
the aidg offers developing world design experience for university students interested in appropriate technology while providing hands on assistance to rural communities in need,0,0
the confluence of the rivers is an impressive sight particularly when both are in spate,1,1
this elevated the band to higher place in the elite black metal scene of norway and the band finally had line up which could last and made the band even more promising than before,1,1
open admissions or open enrollment is type of unselective and noncompetitive college admissions process in the united states in which the only criterion for entrance is high school diploma or certificate of attendance or general educational development ged certificate,0,0
robert bolger was the first president of the national association of chain drug stores and helped create the prestigious annual meeting called by most industry sources the best meeting of top to top minds in the industry,1,1
many of its predictions have come to pass,1,1
paravastu chinnayasuri telugu పరవస త చ న నయ స ర 1807 1861 wrote baala vyaakaranamu in new style after doing extensive research on andhra grammar which is his greatest gift to telugu people,1,1
the company did continue into the 1990s however and was eventually acquired by emc corporation now dell emc in 1999,0,0
cats may be observed to sneer though this is probably related to the flehmen response cite,0,1
then in 2008 blackstar crime republished narrow escape which was very successful and was followed by on the straight and narrow,1,1
it was described by the guardian as one of europe most flourishing economies,0,0
after successful spring training stammen made the nationals 2012 opening day roster serving as long reliever,1,1
hindustani is pluricentric language with two standardised registers modern standard hindi and modern standard urdu,0,0
since the passage of the dodd frank wall street reform and consumer protection act in 2011 the fdic insures deposits in member banks up to us 250 000 per ownership category cite,0,0
david clark is former special adviser to the ex foreign secretary robin cook,1,1
the term is generally used to refer to the first ever house music productions which were by chicago based artists in the 1980s,0,0
network sharing is made possible by inter process communication over the network,0,0
hood was the father of the playwright and humorist tom hood 1835 1874,0,0
it has also been known as shick shack day or oak and nettle day cite,0,0
these were also the third summer olympic games staged in developing country after the 1968 olympics in mexico city and the 1980 olympics in moscow,0,0
he previously directed the cognitive machines group at the media lab cite and now directs the laboratory for social machines cite,0,0
little is known today about minya governorate compared to its great wealth of archaeological sites,1,1
recently he has taken more control over his commercial film roles working as director and screenwriter on the popular parliament jokes one shot and leader breaking box office recordscite with these films and becoming one of the most successful leading actors and directors of sinhala cinema,1,1
narangoda was talented high qualified veteran in the banking industry who was also instrumental in seylan bank resilient performance after the bank saw almost collapse that would have affected and ended the growth of the bank,1,1
in 2017 quantum capital partners took over operations of revell after hobbico declared bankruptcy,0,0
popularly known as ladies day or just oaks day but in recent times also colloquially called blokes daycite kennedy oaks day has been an extraordinary phenomenon of racing,1,1
this is unique chinese system that ensures the joint leadership of the communist party and the state over the armed forces,1,1
since the passage of the dodd frank wall street reform and consumer protection act in 2011 the fdic insures deposits in member banks up to us 250 000 per ownership category,0,0
mondotrack superior design has led to many world competitions to use the type of track,1,1
the trisagion greek τρισάγιον thrice holy sometimes called by its opening line agios theoscite is standard hymn of the divine liturgy in most of the eastern orthodox oriental orthodox and eastern catholic churches,0,0
it was an early form of popular electronic music cite,0,0
it offers postgraduate degrees in art and design to students from over 60 countries,0,0
he has subjected various forms of heroic behaviour to incredible scrutiny,1,1
these non stop races range in length from 8 hours to six days and require coed teams of three or four to hike mountain bike paddle and negotiate fixed ropes while navigating an unmarked racecourse through the wilderness,0,0
cite while electrode applications for manipulating neutrally controlled body processes have recently attracted much attention citecite the nervous system is just the tip of the iceberg when it comes to the opportunities for controlling somatic processes as most cell types are electrically active and respond to ionic signals from themselves and their neighbors figure 6,1,1
the band published recording to commemorate the 80th anniversary of the regiment in 1990 titled eighty years of glory and commemorated its centennial in 2010 by releasing second cd entitled onward,0,0
wyler received his first oscar nomination for directing dodsworth in 1936 starring walter huston ruth chatterton and mary astor sparking 20 year run of almost unbroken greatness cite 24,0,0
the primary charm of otuzco lies in the traditional lifestyles and customs of the people people are dressed in their colorful traditional clothing selling their wares in the streets and markets coaxing their donkeys along the roads and trails in town where the majority of the buildings are still built the way they have been for centuries,1,1
the debate over the status of urdu for the muslims of pakistan would also give rise to the bengali language movement in east bengal in 1952,0,0
through this topic he explored his other interests of the close connection between life and art accessibility of art and the related breakdown between high and low art,1,1
the traditional rivalry between both sides set the stage for high voltage clash,1,1
most peer mentors are picked for their sensibility confidence social skills and reliability,0,1
the decorated stiff leather purse of the chuckmuck with its attached curved striker make it design classic among flint and steel kits,1,1
the equation is named after french rheologist jean françois palierne who has proposed the equation in 1991,0,0
sir william mortimer clark also spelled clarke kc may 24 1836 august 10 1915 was canadian lawyer and politician,0,0
managing urban america first published in 1979 is book that provides an academic overview and introduction to local urban planning and management in the united states written by david morgan robert england and john peter pelissero,0,0
xu joined the chinese national team in november 2007 and her first major tournament was the olympic games which were given greater eminence due to their being held in beijing,1,1
a number of hypotheses have been proposed for the origin and spread of the language the most popular among linguists being the kurgan hypothesis which postulates an origin in the pontic caspian steppe of eastern europe,1,1
he starred in his own television series cool it 1985 1990 cool head 1991 and phil cool 1992 and performed as touring comedian until his retirement in 2013,0,0
the highest point of the balkans is mount musala 2 925 metres 9 596 ft in the rila mountain range bulgaria,0,0
it is the current home of the bridgestone senior players championship through 2022,0,0
the climax of weir early career was the 6 million multi national production the year of living dangerously 1982,0,0
oscar has won innumerable victories that have made him build great sporting career with more than 29 years of victories becoming the foremost argentinean in his specialty and one of the best triathletes in latin america as well as in the world,1,1
the government second five year plan 1976 1981 aimed for extraordinarily high annual growth rates in industrial and agricultural sectors and national income and sought to integrate the north and the south but the goals were not attained,1,1
the effects of societal heteronormativity on lesbian gay and bisexual individuals can be examined as heterosexual or straight privilege,0,0
the college continues to rake in marvellous accolades such as outstanding naplan marks across the board and with year 8 student receiving the highest score in victoria for the australian mathematics competition,1,1
after his congressional service he switched to the republican party and in 1990 ran for governor of texas losing in the primary election,0,0
diamonds in the rough nationwide search for outstanding community rural doctors was launched in 2008 to recognize young doctors serving depressed and underserved communities in the country and highlight their selfless efforts to help these areas,1,1
there are significant roman catholic populations along the coast of the gulf of mexico especially the port cities of new orleans biloxi pensacola and mobile which preserve the continuing and broadly popularized catholic traditions of carnival at the beginning of lent in mardi gras parades and related customs,1,1
large voltages can appear on the enclosures of electrical equipment due to fault in the electrical power system such as failure of insulation,0,0
mardi gras is french for fat tuesday reflecting the practice of the last night of eating rich fatty foods before the ritual lenten sacrifices and fasting of the lenten season,0,0
the traditional view focuses more on the early modern aspects of the renaissance and argues that it was break from the past but many historians today focus more on its medieval aspects and argue that it was an extension of the middle ages citecite,0,0
gsfc is partially within the former goddard census designated place it has greenbelt mailing address,0,0
after their popularity spiked with the release of free at last back sales increased although it is the only of their studio albums to not reach riaa gold status 500 000 units sold,0,0
murolo became virtually cultural ambassador from naples to the world and it was because of his recordings and performances that neapolitan song was spread across five other continents,1,1
in february 2014 the company joined affiliated distributors ad dynamic community of independent distributors and manufacturers of construction and industrial products,1,1
the character is kind of jester distinguished by his red dress red kolpak and often long nose,0,0
he was also given 100 000 fine along with two years supervision after his incarceration and 100 hours community service,0,0
lyrically your disco needs you talks about the power of disco music,0,1
the defensive capabilities of baux have always made it an attractive location for human habitation,1,1
william richard hoskins born 6 may 1986 is an english footballer who plays for southern league premier division central club kings langley where he plays as forward,0,0
the song peaked at number 43 on the uk singles chart and number 14 on the uk dance chart,0,0
the hymie blog began in october 2009 and has posted nearly every day about interesting or unusual records local music reviews and local music events,1,1
it is landmark model in honda advances in western motorcycle markets of the 1960s cite noted for its speed and power as well as its reliability and is regarded as one of the bikes that set the standard for modern motorcycles,0,0
the family had great influence in politics and church many members were active in the catholic party,1,1
he was nominated for the nobel prize in literature six times,0,0
perhaps the most unusual aspect of the interior is the altar painting crucifixion by sarah kirkeberg raugland which is attached to the rear wall of the chancel,1,1
the venetian seamen went on to fight with greater zeal than any of the other combatants at the decisive battle of lepanto where an ottoman fleet was crushed by the combined force of much of southern europe,1,1
in koodiyattam the only surviving ancient sanskrit theatre tradition prominent in the state of kerala on india performances of kālidāsa plays are rare,1,1
this transmission of ideas remains one of the greatest in history significantly affecting the formation of the european renaissance,1,1
his camera technique captures the inner beauty and strength of the characters,1,1
he was the former cabinet secretary and the legal draftsmen who drafted the ceylon order in council the first constitution of independent ceylon cite,0,0
thereby accelerating the realization of the interconnection of all things,1,1
she was named music director of the cantemus chamber chorus essex county ma in 2011,0,0
the long term goal for the frt is to restore the locomotives tender first and then when the tender is completed and funding has been raised restore wootton hall to her former glory,1,1
structures in other regions are not described as brick romanesque but as romanesque brick built church or similar terms,0,0
like the house of commons it meets in the palace of westminster cite,0,0
land acquisition laws in india are under intense criticism by the beleaguered farmers whose lands are acquired for the urbanisation or industrialisation,1,1
the ministry of law abbreviation minlaw malay kementerian undang undang chinese 律政部 tamil சட ட அம ச ச is ministry of the government of singapore responsible for ensuring that singapore legal infrastructure is clear efficacious and transparent,1,1
capturing data in this way by tracing or entering the corners of linear poly lines or shapes is called digitizing cite,0,0
the redhead and the common pochard form sister group which together is sister to the canvasback,0,0
on 25 august 2011 aquilani joined milan on loan for the 2011 12 season with milan having an option to make the move permanent at the end of the season despite pulling string of impressive performances during the pre season tour in asia and subsequently becoming favourite of the fans and the owners,1,1
please introduce links to this page from related articles try the find link tool for suggestions,1,1
the fairway was the best version of the fx4 ever built and enabled lti to sell to overseas markets as well as move into provincial uk markets they had not been able to tackle,1,1
cite he is well known advocate of the australian muslim community,1,1
the facility consists of two primary performance spaces the 1 984 seat zellerbach auditorium and the 500 seat zellerbach playhouse,0,0
one will feel the divine energy the moment you step to this divine land,1,1
although the field originally started with the demonstration of computing application by len adleman in 1994 it has now been expanded to several other avenues such as the development of storage technologies citecitecite nanoscale imaging modalities citecitecite synthetic controllers and reaction networks etc,0,0
originally applied only to those who suffered for their religious beliefs the term has come to be used in connection with people killed for political cause,0,0
it broke tournament records with overall attendance of 3 587 538 and an average of 68 991 per match cite marks that stood unbroken as of 2018cite despite the expansion of the competition from 24 to 32 teams starting with the 1998 world cup cite,0,0
these ranged from the grand flowing lines of freestone and webb conservative almost prewar shapes to the practical conversions of harold radford which including clamshell style tailgate and folding rear seats,1,1
the school has excellent infrastructure in terms of classrooms laboratories library playgrounds sports and recreation,1,1
the italian grand prix at monza is regarded as the team home race,0,0
he had the gift of marrying considerable scholarship with profound spirituality,1,1
after this campaign drinkers viewed finlandia as more prestigious reputable and better tasting brand than before,1,1
although the party was never represented in the knesset it holds seats in many municipalities across israel,0,0
